,Word,Keyword
0,Ferit,0
1,Karahan,0
2,imzalı,0
3,Okul,0
4,Tıraşı,0
5,filmi,0
6,38,0
7,Uluslararası,0
8,Fecr,0
9,Film,0
10,Festivali,0
11,nde,0
12,En,0
13,İyi,0
14,Senaryo,0
15,Ödülü,0
16,layık,0
17,görüldü,0
18,Film,0
19,ilk,0
20,geçtiğimiz,0
21,aylarda,0
22,düzenlenen,0
23,71,0
24,Berlin,0
25,Film,0
26,Festivali,0
27,nde,0
28,gösterilmiş,0
29,festivalden,0
30,FIPRESCI,0
31,Ödülü,0
32,yle,0
33,ayrılmıştı,0
34,Cannes,0
35,Film,0
36,Festivali,0
37,6,0
38,17,0
39,Temmuz,0
40,tarihleri,0
41,arasında,0
42,düzenlenecek,0
43,festivalde,0
44,gösterilecek,0
45,filmleri,0
46,açıkladı,0
47,Filmler,0
48,Leos,0
49,Carax,0
50,ın,0
51,Annette,0
52,i,0
53,açılacak,0
54,festivalin,0
55,ana,0
56,yarışma,0
57,bölümündeki,0
58,diğer,0
59,filmler,0
60,arasında,0
61,Wes,0
62,Anderson,0
63,Sean,0
64,Baker,0
65,Jacques,0
66,Audiard,0
67,Ildikó,0
68,Enyedi,0
69,Asghar,0
70,Farhadi,0
71,Mia,0
72,Hansen,0
73,Løve,0
74,Nanni,0
75,Moretti,0
76,François,0
77,Ozon,0
78,Joachim,0
79,Trier,0
80,Paul,0
81,Verhoeven,0
82,Apichatpong,0
83,Weerasethakul,0
84,yönetmenlerin,0
85,yeni,0
86,filmleri,0
87,bulunuyor,0
88,Türkiye,0
89,den,0
90,Semih,0
91,Kaplanoğlu,0
92,nun,0
93,Bağlılık,0
94,Hasan,0
95,filmi,0
96,festivalin,0
97,Belirli,0
98,Bir,0
99,Bakış,0
100,Un,0
101,Certain,0
102,Regard,0
103,bölümünde,0
104,gösterilecek,0
105,Öte,0
106,yandan,0
107,festivalin,0
108,Onursal,0
109,Altın,0
110,Palmiye,0
111,Ödülü,0
112,nün,0
113,6,0
114,Temmuz,0
115,daki,0
116,açılış,0
117,töreninde,0
118,oyuncu,0
119,Jodie,0
120,Foster,0
121,a,0
122,takdim,0
123,edileceği,0
124,duyuruldu,0
125,DESTEKLİYORUZ,0
126,Sabancı,0
127,Vakfı,0
128,Fark,0
129,Yaratanlar,0
130,Programı,0
131,nın,0
132,12,0
133,Sezon,0
134,Fark,0
135,Yaratanları,0
136,açıklandı,0
137,2009,0
138,yılından,0
139,yana,0
140,toplumsal,0
141,gelişmeye,0
142,katkıda,0
143,bulunan,0
144,kişilerin,0
145,hikâyelerini,0
146,görünür,0
147,kılmak,0
148,topluma,0
149,ilham,0
150,vermek,0
151,çalışan,0
152,Sabancı,0
153,Vakfı,0
154,Fark,0
155,Yaratanlar,0
156,Programı,0
157,Fark,0
158,Yarat,0
159,Hayatlar,0
160,Değişsin,0
161,sloganıyla,0
162,yoluna,0
163,devam,0
164,ediyor,0
165,Bu,0
166,sene,0
167,200,0
168,Fark,0
169,Yaratana,0
170,ulaşan,0
171,programın,0
172,yeni,0
173,seçilen,0
174,5,0
175,Fark,0
176,Yaratan,0
177,öyküsü,0
178,Erişilebilir,0
179,Her,0
180,Şey,0
181,Gamze,0
182,Elibol,0
183,Türkiye,0
184,Engelsizler,0
185,Kültür,0
186,Sanat,0
187,Eğitim,0
188,Merkezi,0
189,Halil,0
190,Bağış,0
191,Stellar,0
192,Lab,0
193,Onaranlar,0
194,Kulübü,0
195,Suat,0
196,Arı,0
197,Bu,0
198,Köyde,0
199,Herkes,0
200,Sporcu,0
201,Sabancı,0
202,Vakfı,0
203,Mütevelli,0
204,Heyeti,0
205,Başkanı,0
206,Güler,0
207,Sabancı,0
208,nın,0
209,katılımı,0
210,Cüneyt,0
211,Özdemir,0
212,in,0
213,YouTube,0
214,hesabında,0
215,gerçekleşen,0
216,yayında,0
217,Türkiye,0
218,ye,0
219,tanıtıldı,0
220,12,0
221,Sezon,0
222,Fark,0
223,Yaratanlarının,0
224,katıldığı,0
225,yayını,0
226,buradan,0
227,kullanabilirsiniz,0
228,Jungle,1
229,üç,0
230,yıllık,0
231,bir,0
232,aranın,0
233,ardından,0
234,13,0
235,Ağustos,0
236,ta,0
237,Loving,0
238,in,0
239,Stereo,0
240,isimli,0
241,yeni,0
242,bir,0
243,albüm,0
244,yayımlayacak,0
245,Daha,0
246,önce,0
247,albümden,0
248,Keep,0
249,Moving,0
250,adını,0
251,verdiği,0
252,bir,0
253,şarkıyla,0
254,açılış,0
255,yapan,0
256,grup,0
257,son,0
258,olarak,0
259,bol,0
260,danslı,0
261,bir,0
262,klip,0
263,eşliğinde,0
264,Talk,0
265,About,0
266,It,0
267,i,0
268,servis,0
269,etti,0
270,Darkside,1
271,önce,0
272,23,0
273,Temmuz,0
274,yayımlayacağını,0
275,duyurduğu,0
276,Spiral,0
277,isimli,0
278,ikinci,0
279,albümünden,0
280,yeni,0
281,bir,0
282,tekli,0
283,paylaştı,0
284,Nicolas,0
285,Jaar,0
286,Dave,0
287,Harrington,0
288,un,0
289,2011,0
290,2014,0
291,yılları,0
292,arasında,0
293,Berlin,0
294,merkezli,0
295,kolektif,0
296,üretimlerinden,0
297,doğan,0
298,Darkside,1
299,ın,0
300,yeni,0
301,şarkısı,0
302,Lawmaker,0
303,ı,0
304,buradan,0
305,dinleyebilirsiniz,0
306,Kings,0
307,Of,0
308,Convenience,0
309,Peace,0
310,or,0
311,Love,0
312,Kings,0
313,Of,0
314,Convenience,0
315,geçtiğimiz,0
316,nisan,0
317,ayında,0
318,12,0
319,yıllık,0
320,aradan,0
321,sonra,0
322,Rocky,0
323,Trail,0
324,adını,0
325,verdikleri,0
326,yeni,0
327,bir,0
328,şarkıyla,0
329,çıkagelmişti,0
330,Sebebi,0
331,dönüşlerini,0
332,18,0
333,Haziran,0
334,yayımlanacak,0
335,Peace,0
336,or,0
337,Love,0
338,isimli,0
339,bir,0
340,albümle,0
341,taçlandırmaya,0
342,hazırlanan,0
343,Kings,0
344,Of,0
345,Convenience,0
346,ın,0
347,yeni,0
348,teklisi,0
349,Fever,0
350,ı,0
351,buradan,0
352,dinleyebilirsiniz,0
353,Krispy,0
354,Kreme,0
355,2016,0
356,yılında,0
357,JAB,0
358,Holding,0
359,tarafından,0
360,özelleştirilmesinden,0
361,yana,0
362,ilk,0
363,halka,0
364,arzını,0
365,gerçekleştirdi,0
366,DNUT,0
367,koduyla,0
368,Nasdaq,1
369,işlem,0
370,görecek,0
371,olan,0
372,şirket,0
373,halka,0
374,arzda,0
375,100,0
376,milyon,0
377,dolar,0
378,gelir,0
379,elde,0
380,etmeyi,0
381,hedefliyor,0
382,Billie,0
383,Eilish,0
384,30,0
385,Temmuz,0
386,piyasaya,0
387,çıkacağını,0
388,duyurduğu,0
389,şimdiye,0
390,kadar,0
391,üç,0
392,tekli,0
393,paylaştığı,0
394,Happier,0
395,Than,0
396,Ever,0
397,isimli,0
398,albümden,0
399,yeni,0
400,bir,0
401,şarkı,0
402,servis,0
403,etti,0
404,Billie,0
405,Eilish,0
406,in,0
407,bizzat,0
408,kendisinin,0
409,yönetmenliği,0
410,üstlendiği,0
411,klip,0
412,eşliğinde,0
413,yayımlanan,0
414,Lost,0
415,Cause,0
416,u,0
417,buradan,0
418,izleyebilirsiniz,0
419,40,0
420,İstanbul,0
421,Film,0
422,Festivali,0
423,nin,0
424,Ulusal,0
425,Belgesel,0
426,Ulusal,0
427,Kısa,0
428,Film,0
429,Yarışması,0
430,sonuçlandı,0
431,Ödüller,0
432,En,0
433,İyi,0
434,Belgesel,0
435,Ödülü,0
436,nü,0
437,insanın,0
438,hayvanlarla,0
439,kurduğu,0
440,ilişkiyi,0
441,farklı,0
442,kültürel,0
443,alanlarda,0
444,inceleme,0
445,amacını,0
446,taşıyan,0
447,meselesini,0
448,yaratıcı,0
449,bir,0
450,sinema,0
451,diliyle,0
452,ortaya,0
453,koyarken,0
454,ele,0
455,aldığı,0
456,konular,0
457,üzerine,0
458,bir,0
459,düşünme,0
460,tartışma,0
461,alanı,0
462,açmayı,0
463,başardığı,0
464,Yusuf,0
465,Emre,0
466,Yalçın,0
467,ın,0
468,yönettiği,0
469,Anima,0
470,En,0
471,İyi,0
472,Kısa,0
473,Film,0
474,Ödülü,0
475,nü,0
476,çarpıcı,0
477,hikâyesi,0
478,sarsıcı,0
479,performansları,0
480,birinci,0
481,sınıf,0
482,görüntü,0
483,sanat,0
484,yönetimi,0
485,olgun,0
486,kontrollü,0
487,yönetmenlik,0
488,anlayışı,0
489,sebebiyle,0
490,Serhat,0
491,Karaaslan,0
492,ın,0
493,yönettiği,0
494,Suçlular,0
495,kazandı,0
496,Lucas,0
497,Santtana,0
498,3,0
499,Sessions,0
500,in,0
501,a,0
502,Greenhouse,0
503,2021,0
504,remaster,0
505,Wolf,0
506,Alice,0
507,Blue,0
508,Weekend,0
509,DMX,0
510,Exodus,0
511,Kele,0
512,The,0
513,Waves,0
514,Pt,0
515,1,0
516,Crowded,0
517,House,0
518,Dreamers,0
519,Are,0
520,Waiting,0
521,Jim,0
522,Snidero,0
523,Live,0
524,at,0
525,the,0
526,Deer,0
527,Head,0
528,Inn,0
529,https,0
530,open,0
531,spotify,0
532,com,0
533,playlist,0
534,3Q2iJpY9b9SK4ZrUuGUSO2,0
535,si,0
536,63ce35946dd348fa,0
537,Sinema,0
538,salonları,0
539,1,0
540,Temmuz,0
541,a,0
542,kadar,0
543,kapalı,0
544,kalmaya,0
545,devam,0
546,edecek,0
547,Yayımlanan,0
548,genelgede,0
549,Kültür,0
550,Turizm,0
551,Bakanlığı,0
552,yetkilileri,0
553,sektör,0
554,temsilcileriyle,0
555,yapılan,0
556,görüşmeler,0
557,sonucunda,0
558,salgınla,0
559,mücadele,0
560,tedbirleri,0
561,kapsamında,0
562,devamlılığın,0
563,sağlanması,0
564,hususu,0
565,göz,0
566,önünde,0
567,bulundurularak,0
568,kararın,0
569,alındığı,0
570,belirtildi,0
571,Bir,0
572,adım,0
573,geriden,0
574,1,0
575,Haziran,0
576,yayımlanan,0
577,genelgede,0
578,sinema,0
579,salonlarının,0
580,pazar,0
581,günleri,0
582,hariç,0
583,gün,0
584,07,0
585,00,0
586,21,0
587,00,0
588,saatleri,0
589,arasında,0
590,50,0
591,kapasiteyle,0
592,faaliyet,0
593,gösterebileceği,0
594,belirtilmiş,0
595,bağımsız,0
596,sinema,0
597,salonları,0
598,hafta,0
599,sonu,0
600,özel,0
601,gösterimler,0
602,düzenlemek,0
603,çalışmalarına,0
604,başlamıştı,0
605,Getir,1
606,Londra,0
607,nın,0
608,ardından,0
609,Amsterdam,0
610,faaliyet,0
611,göstermeye,0
612,başladı,0
613,Şirket,0
614,yakın,0
615,zamanda,0
616,Paris,0
617,Berlin,0
618,hizmet,0
619,vermeye,0
620,başlayacağını,0
621,duyurdu,0
622,Fransa,0
623,Fransız,0
624,stereotiplemesinin,0
625,lezzetli,0
626,pikniklerin,0
627,başını,0
628,çeken,0
629,baget,1
630,ekmeği,0
631,UNESCO,1
632,Somut,0
633,Olmayan,0
634,Kültürel,0
635,Miras,0
636,listesine,0
637,dâhil,0
638,etmek,0
639,başvuruda,0
640,bulundu,0
641,Sonucun,0
642,2022,0
643,sonbaharında,0
644,açıklanması,0
645,bekleniyor,0
646,Neden,0
647,baget,1
648,Fransa,0
649,Kültür,0
650,Bakanı,0
651,Roselyne,0
652,Bachelot,0
653,bageti,0
654,yaşayan,0
655,mirasın,0
656,bir,0
657,parçası,0
658,birleştirici,0
659,güç,0
660,olması,0
661,nedeniyle,0
662,seçtiklerini,0
663,açıkladı,0
664,Fotoğraf,0
665,Aly,0
666,Song,0
667,Reuters,0
668,Çin,0
669,düzenleyici,0
670,kurumlar,0
671,Alibaba,0
672,nın,0
673,finansal,0
674,teknoloji,0
675,şirketi,0
676,Ant,0
677,Group,0
678,un,0
679,tüketici,0
680,kredisi,0
681,vermek,0
682,yeni,0
683,bir,0
684,birim,0
685,kurmasını,0
686,kabul,0
687,etti,0
688,Neden,0
689,önemli,0
690,Ant,0
691,Group,0
692,gelirlerinin,0
693,40,0
694,ını,0
695,çevrim,0
696,içi,0
697,krediler,0
698,üzerinden,0
699,sağlıyor,0
700,Geçtiğimiz,0
701,yıl,0
702,durum,0
703,ortaya,0
704,çıktığında,0
705,yetkililer,0
706,şirketin,0
707,halka,0
708,arzını,0
709,askıya,0
710,almış,0
711,finansal,0
712,teknoloji,0
713,şirketlerinin,0
714,kredi,0
715,verme,0
716,işlemlerine,0
717,dair,0
718,birtakım,0
719,yeni,0
720,düzenlemeler,0
721,getirmişti,0
722,Yeni,0
723,birime,0
724,verilen,0
725,onayla,0
726,Ant,0
727,Group,0
728,Çin,0
729,in,0
730,düzenleyici,0
731,kurumları,0
732,arasında,0
733,gerginliğin,0
734,hafiflemesi,0
735,bekleniyor,0
736,Danimarka,1
737,parlamento,0
738,iltica,0
739,başvurusu,0
740,yapan,0
741,sığınmacıların,0
742,durumlarına,0
743,karar,0
744,verilinceye,0
745,dek,0
746,Avrupa,0
747,Birliği,0
748,dışındaki,0
749,ülkelere,0
750,gönderilmelerini,0
751,öngören,0
752,yasa,0
753,tasarısını,0
754,onayladı,0
755,Avrupa,0
756,Komisyonu,0
757,kaygılı,0
758,olduğunu,0
759,bildirdi,0
760,Detaylar,0
761,Yasaya,0
762,göre,0
763,mülteci,0
764,kamplarının,0
765,kurulması,0
766,idaresi,0
767,gönüllü,0
768,olacak,0
769,ülkeler,0
770,aranacak,0
771,göç,0
772,hatlarında,0
773,çalışan,0
774,uluslararası,0
775,yardım,0
776,kuruluşlarına,0
777,mali,0
778,destek,0
779,sağlanacak,0
780,İtalya,0
781,Serie,0
782,A,0
783,ekiplerinden,0
784,Inter,1
785,teknik,0
786,direktörlük,0
787,görevine,0
788,Simone,0
789,Inzaghi,0
790,nin,0
791,getirildiğini,0
792,açıkladı,0
793,Son,0
794,beş,0
795,yıldır,0
796,Lazio,0
797,yu,0
798,çalıştıran,0
799,Inzaghi,0
800,2018,0
801,19,0
802,sezonunda,0
803,İtalya,0
804,Kupası,0
805,nı,0
806,2017,0
807,2019,0
808,İtalya,0
809,Süper,0
810,Kupası,0
811,nı,0
812,kazanmıştı,0
813,Çevre,0
814,Şehircilik,0
815,Bakanı,0
816,Murat,0
817,Kurum,0
818,Marmara,0
819,Denizi,0
820,nin,0
821,farklı,0
822,noktalarında,0
823,görülen,0
824,müsilaj,1
825,ilgili,0
826,bir,0
827,acil,0
828,bir,0
829,eylem,0
830,planı,0
831,hazırlandığını,0
832,açıkladı,0
833,Rekabet,0
834,Kurulu,0
835,hızlı,0
836,tüketim,0
837,malları,0
838,taşımacılık,0
839,sektöründe,0
840,faaliyet,0
841,gösteren,0
842,15,0
843,şirket,0
844,hakkında,0
845,soruşturma,0
846,açtı,0
847,Hızlı,0
848,tüketim,0
849,Soruşturma,0
850,kapsamında,0
851,Eti,0
852,Gıda,0
853,Kent,0
854,Gıda,0
855,Şölen,0
856,Çikolata,0
857,Pepsi,0
858,Cola,0
859,şirketler,0
860,yer,0
861,alıyor,0
862,Taşımacılık,0
863,hizmetleri,0
864,Biopharma,0
865,Logistics,0
866,Transorient,0
867,Tunaset,0
868,aralarında,0
869,müşteri,0
870,paylaşımına,0
871,yönelik,0
872,sözleşmeler,0
873,akdetmek,0
874,paylaşılan,0
875,müşterilere,0
876,yönelik,0
877,süresiz,0
878,rekabet,0
879,etmeme,0
880,yükümlülüğü,0
881,tesis,0
882,etmekle,0
883,suçlanıyor,0
884,ABD,0
885,merkezli,0
886,sinema,0
887,zinciri,0
888,AMC,0
889,Entertainment,0
890,11,0
891,milyondan,0
892,fazla,0
893,hisse,0
894,satmayı,0
895,planladığını,0
896,duyurdu,0
897,Açıklama,0
898,sonrası,0
899,şirket,0
900,hisseleri,0
901,piyasa,0
902,açılışı,0
903,öncesinde,0
904,27,0
905,değer,0
906,kaybetti,0
907,Bir,0
908,adım,0
909,geriden,0
910,Geçtiğimiz,0
911,salı,0
912,günü,0
913,bireysel,0
914,yatırımcılara,0
915,özel,0
916,film,0
917,gösterimleri,0
918,ücretsiz,0
919,patlamış,0
920,mısır,0
921,ödüller,0
922,vereceğini,0
923,açıklayan,0
924,şirketin,0
925,hisseleri,0
926,93,0
927,değer,0
928,kazanmıştı,0
929,NASA,1
930,Venüs,0
931,ü,0
932,incelemek,0
933,DAVINCI,0
934,VERITAS,0
935,isimli,0
936,görevler,0
937,kapsamında,0
938,gezegene,0
939,uzay,0
940,aracı,0
941,gönderecek,0
942,Öte,0
943,yandan,0
944,SpaceX,1
945,2023,0
946,yılına,0
947,kadar,0
948,sivil,0
949,astronotları,0
950,üç,0
951,farklı,0
952,görev,0
953,Uluslararası,0
954,Uzay,0
955,İstasyonu,0
956,na,0
957,göndermek,0
958,üzere,0
959,Axiom,0
960,Space,0
961,le,0
962,anlaşma,0
963,yaptı,0
964,Fotoğraf,0
965,UNICEF,0
966,ABD,0
967,Başkanı,0
968,Joe,0
969,Biden,0
970,dünyayla,0
971,paylaşacakları,0
972,25,0
973,milyon,0
974,doz,0
975,Covid,0
976,19,0
977,aşısının,0
978,19,0
979,milyonunun,0
980,Dünya,0
981,Sağlık,0
982,Örgütü,0
983,nün,0
984,COVAX,0
985,programıyla,0
986,Latin,0
987,Amerika,0
988,Karayipler,0
989,Asya,0
990,Afrika,0
991,kalan,0
992,6,0
993,milyonunun,0
994,Kanada,0
995,Meksika,0
996,Güney,0
997,Kore,0
998,Hindistan,0
999,müttefik,0
1000,ülkelere,0
1001,gönderileceğini,0
1002,açıkladı,0
1003,Öte,0
1004,yandan,0
1005,Biden,0
1006,haziran,0
1007,sonuna,0
1008,dek,0
1009,80,0
1010,milyon,0
1011,doz,0
1012,aşıyı,0
1013,dünyayla,0
1014,paylaşmayı,0
1015,hedeflediklerini,0
1016,COVAX,0
1017,a,0
1018,4,0
1019,milyar,0
1020,doların,0
1021,üzerinde,0
1022,destek,0
1023,taahhüt,0
1024,ettiklerini,0
1025,aşı,0
1026,patentlerinin,0
1027,kaldırılması,0
1028,konusundaki,0
1029,düşüncesini,0
1030,sürdürdüğünü,0
1031,açıkladı,0
1032,Günün,0
1033,öne,0
1034,çıkan,0
1035,karşılaşmaları,0
1036,Erkek,0
1037,futbol,0
1038,ülkeler,0
1039,arası,0
1040,hazırlık,0
1041,maçı,0
1042,İspanya,0
1043,Portekiz,0
1044,20,0
1045,30,0
1046,S,0
1047,Sport,0
1048,2,0
1049,Avrupa,0
1050,Erkekler,0
1051,Voleybol,0
1052,Altın,0
1053,Ligi,0
1054,Türkiye,0
1055,Belarus,0
1056,16,0
1057,00,0
1058,TRT,0
1059,Spor,0
1060,Cinsel,0
1061,saldırı,0
1062,suçundan,0
1063,tutuksuz,0
1064,yargılanan,0
1065,Uzman,0
1066,Çavuş,0
1067,Musa,0
1068,Orhan,0
1069,a,0
1070,hakaret,0
1071,ettiği,0
1072,gerekçesiyle,0
1073,2,0
1074,yıl,0
1075,4,0
1076,ay,0
1077,hapis,0
1078,cezası,0
1079,istenen,0
1080,oyuncu,0
1081,Ezgi,0
1082,Mola,0
1083,destek,0
1084,veren,0
1085,16,0
1086,kişi,0
1087,hakkında,0
1088,Orhan,0
1089,ın,0
1090,avukatı,0
1091,tarafından,0
1092,suç,0
1093,duyurusunda,0
1094,bulunuldu,0
1095,Türkiye,0
1096,İstatistik,0
1097,Kurumu,0
1098,verilerine,0
1099,göre,0
1100,tüketici,0
1101,fiyat,0
1102,endeksi,0
1103,mayıs,0
1104,ayında,0
1105,aylık,0
1106,bazda,0
1107,089,0
1108,yıllık,0
1109,bazda,0
1110,1659,0
1111,artış,0
1112,gösterdi,0
1113,Bir,0
1114,grup,0
1115,akademisyen,0
1116,tarafından,0
1117,kurulan,0
1118,Enflasyon,1
1119,Araştırma,0
1120,Grubu,0
1121,verilerine,0
1122,göre,0
1123,mayısta,0
1124,aylık,0
1125,enflasyon,1
1126,394,0
1127,oldu,0
1128,Uluslararası,0
1129,perspektif,0
1130,Barclays,0
1131,Türkiye,0
1132,yıl,0
1133,sonu,0
1134,enflasyon,1
1135,tahminini,0
1136,03,0
1137,puan,0
1138,artışla,0
1139,138,0
1140,seviyesine,0
1141,yükseltti,0
1142,Citigroup,0
1143,mayısta,0
1144,beklenenden,0
1145,düşük,0
1146,gelen,0
1147,enflasyon,1
1148,verisinin,0
1149,faiz,0
1150,görünümünü,0
1151,değiştirmediğini,0
1152,ifade,0
1153,etti,0
1154,SPONSORLU,0
1155,SALT,0
1156,Galata,0
1157,Ardışık,0
1158,II,0
1159,Kazı,0
1160,Yüzey,0
1161,Ardışık,0
1162,programının,0
1163,27,0
1164,Haziran,0
1165,a,0
1166,kadar,0
1167,sürecek,0
1168,olan,0
1169,ikinci,0
1170,sergisi,0
1171,Kazı,0
1172,Yüzey,0
1173,deki,0
1174,derlenerek,0
1175,giriş,0
1176,katının,0
1177,yanı,0
1178,sıra,0
1179,uzaktan,0
1180,incelemeye,0
1181,açılıyor,0
1182,NBA,1
1183,konferans,0
1184,yarı,0
1185,finallerine,0
1186,yükselen,0
1187,üç,0
1188,takım,0
1189,belli,0
1190,oldu,0
1191,Philadelphia,0
1192,76ers,0
1193,Washington,0
1194,Wizards,0
1195,ı,0
1196,129,0
1197,112,0
1198,yenerek,0
1199,seriyi,0
1200,4,0
1201,1,0
1202,kazandı,0
1203,Atlanta,0
1204,Hawks,0
1205,New,0
1206,York,0
1207,Knicks,0
1208,i,0
1209,103,0
1210,89,0
1211,mağlup,0
1212,ederek,0
1213,seriyi,0
1214,4,0
1215,1,0
1216,kazandı,0
1217,Normal,0
1218,sezonda,0
1219,Batı,0
1220,Konferansı,0
1221,nı,0
1222,lider,0
1223,tamamlayan,0
1224,Utah,0
1225,Jazz,0
1226,Memphis,0
1227,Grizzlies,0
1228,i,0
1229,126,0
1230,110,0
1231,mağlup,0
1232,etti,0
1233,seriyi,0
1234,4,0
1235,1,0
1236,kazandı,0
1237,Twitter,0
1238,ücretli,0
1239,abonelik,0
1240,hizmeti,0
1241,Twitter,0
1242,Blue,0
1243,yu,0
1244,Kanada,0
1245,Avustralya,0
1246,kullanıma,0
1247,sundu,0
1248,Twitter,0
1249,Blue,0
1250,tweet,0
1251,leri,0
1252,geri,0
1253,alma,0
1254,yer,0
1255,imi,0
1256,klasörlerine,0
1257,ekleme,0
1258,uygulamanın,0
1259,renk,0
1260,temasını,0
1261,değiştirme,0
1262,okuyucu,0
1263,modu,0
1264,özelliklerini,0
1265,içeriyor,0
1266,Sedat,0
1267,Peker,0
1268,in,0
1269,kardeşi,0
1270,Atilla,0
1271,Peker,0
1272,in,0
1273,önceki,0
1274,gün,0
1275,savcılığa,0
1276,verdiği,0
1277,ifadenin,0
1278,detayları,0
1279,ortaya,0
1280,çıktı,0
1281,Peker,0
1282,Korkut,0
1283,Adalı,0
1284,cinayetine,0
1285,ilişkin,0
1286,Korkut,0
1287,Eken,0
1288,in,0
1289,kendisine,0
1290,KKTC,0
1291,Türkiye,0
1292,aleyhine,0
1293,çalışan,0
1294,öldürülmesi,0
1295,gereken,0
1296,kişiler,0
1297,olduğunu,0
1298,söylediğini,0
1299,silah,0
1300,tedarik,0
1301,ettiğini,0
1302,ancak,0
1303,isim,0
1304,söylemediğini,0
1305,belirtti,0
1306,Peker,0
1307,Eken,0
1308,in,0
1309,sonra,0
1310,kendisine,0
1311,olayı,0
1312,hallettik,0
1313,dediğini,0
1314,aktardı,0
1315,Şentop,0
1316,un,0
1317,sözleri,0
1318,TBMM,0
1319,Başkanı,0
1320,Mustafa,0
1321,Şentop,0
1322,İçişleri,0
1323,Bakanı,0
1324,Süleyman,0
1325,Soylu,0
1326,nun,0
1327,Sedat,0
1328,Peker,0
1329,den,0
1330,ayda,0
1331,10,0
1332,bin,0
1333,dolar,0
1334,maaş,0
1335,alan,0
1336,bir,0
1337,siyasetçi,0
1338,olduğuna,0
1339,ilişkin,0
1340,sözlerini,0
1341,muhatabının,0
1342,açıklaması,0
1343,gerektiğini,0
1344,söyledi,0
1345,Arçelik,1
1346,2050,0
1347,yılına,0
1348,kadar,0
1349,faaliyetlerinde,0
1350,net,0
1351,sıfır,0
1352,emisyona,0
1353,ulaşmayı,0
1354,hedefliyor,0
1355,Yeni,0
1356,hedef,0
1357,doğrultusunda,0
1358,şirketin,0
1359,doğrudan,0
1360,karbon,0
1361,ayak,0
1362,izini,0
1363,ifade,0
1364,eden,0
1365,Scope,0
1366,1,0
1367,emisyonları,0
1368,2018,0
1369,seviyelerine,0
1370,göre,0
1371,15,0
1372,dolaylı,0
1373,karbon,0
1374,ayak,0
1375,izini,0
1376,ifade,0
1377,eden,0
1378,Scope,0
1379,2,0
1380,emisyonları,0
1381,30,0
1382,tüketicilerin,0
1383,satın,0
1384,aldığı,0
1385,ürünlerden,0
1386,kaynaklı,0
1387,Scope,0
1388,3,0
1389,emisyonları,0
1390,15,0
1391,oranında,0
1392,azaltılacak,0
1393,Malezya,0
1394,Maliye,0
1395,Bakanlığı,0
1396,ABD,0
1397,merkezli,0
1398,denetim,0
1399,firması,0
1400,Deloitte,1
1401,un,0
1402,Malezya,0
1403,Kalkınma,0
1404,Fonu,0
1405,1MDB,1
1406,yolsuzluğundaki,0
1407,rolü,0
1408,nedeniyle,0
1409,80,0
1410,milyon,0
1411,dolar,0
1412,tazminat,0
1413,ödediğini,0
1414,açıkladı,0
1415,Bakanlık,0
1416,bir,0
1417,diğer,0
1418,denetim,0
1419,firması,0
1420,KPMG,0
1421,uzlaşma,0
1422,anlaşması,0
1423,yapmak,0
1424,görüşmeler,0
1425,yapıyor,0
1426,Türkiye,0
1427,nin,0
1428,Otomobili,0
1429,Girişim,0
1430,Grubu,0
1431,ödenmiş,0
1432,sermayesini,0
1433,150,0
1434,milyon,0
1435,liradan,0
1436,997,0
1437,milyon,0
1438,liraya,0
1439,çıkarırken,0
1440,sermaye,0
1441,artışı,0
1442,sonrası,0
1443,Turkcell,0
1444,Vestel,0
1445,Anadolu,0
1446,Grubu,0
1447,nun,0
1448,şirketteki,0
1449,payları,0
1450,23,0
1451,e,0
1452,yükseldi,0
1453,Öte,0
1454,yandan,0
1455,sermaye,0
1456,artırımına,0
1457,katılmayan,0
1458,Kök,0
1459,Grubu,0
1460,nun,0
1461,TOGG,1
1462,daki,0
1463,hisselerinin,0
1464,mevcut,0
1465,ortaklar,0
1466,tarafından,0
1467,satın,0
1468,alınmasına,0
1469,karar,0
1470,verildi,0
1471,Ortaklık,0
1472,yapısı,0
1473,Haziran,0
1474,2018,0
1475,Anadolu,0
1476,Grubu,0
1477,BMC,0
1478,Kök,0
1479,Grubu,0
1480,Turkcell,0
1481,Zorlu,0
1482,Holding,0
1483,in,0
1484,ortaklığında,0
1485,kurulan,0
1486,TOGG,1
1487,bugüne,0
1488,kadar,0
1489,şirketin,0
1490,19,0
1491,Türkiye,0
1492,Odalar,0
1493,Borsalar,0
1494,Birliğinin,0
1495,5,0
1496,payı,0
1497,bulunuyordu,0
1498,Ankara,0
1499,Mamak,1
1500,Belediye,0
1501,Meclis,0
1502,Üyesi,0
1503,AK,0
1504,Partili,0
1505,Esra,0
1506,Yılmaz,0
1507,belediyede,0
1508,yolsuzluk,1
1509,tespit,0
1510,ettiği,0
1511,gerekçesiyle,0
1512,partisinden,0
1513,istifa,0
1514,etti,0
1515,Meclis,0
1516,kürsüsünde,0
1517,konuşturulmadığını,0
1518,söyleyen,0
1519,Yılmaz,0
1520,Mamak,1
1521,Belediye,0
1522,Başkanı,0
1523,Murat,0
1524,Köse,0
1525,ye,0
1526,Sizi,0
1527,akraba,0
1528,çetenizle,0
1529,baş,0
1530,başa,0
1531,bırakıyorum,0
1532,diyerek,0
1533,tepki,0
1534,gösterdi,0
1535,CHP,0
1536,den,0
1537,suç,0
1538,duyurusu,0
1539,CHP,0
1540,li,0
1541,meclis,0
1542,üyeleri,0
1543,Yılmaz,0
1544,ın,0
1545,iddialarını,0
1546,yargıya,0
1547,taşıyacaklarını,0
1548,açıkladı,0
1549,Fotoğraf,0
1550,Alain,0
1551,Rouland,0
1552,EP,0
1553,Avrupa,0
1554,Birliği,0
1555,üye,0
1556,ülke,0
1557,vatandaşlarının,0
1558,akıllı,0
1559,telefonlarından,0
1560,erişebileceği,0
1561,dijital,0
1562,kimlik,0
1563,cüzdanı,0
1564,planını,0
1565,açıkladı,0
1566,Ayrıntılar,0
1567,Pandemi,0
1568,sonrası,0
1569,süreçteki,0
1570,stratejinin,0
1571,bir,0
1572,parçası,0
1573,olan,0
1574,dijital,0
1575,cüzdan,0
1576,kimlik,0
1577,ehliyet,0
1578,reçeteler,0
1579,okul,0
1580,diplomaları,0
1581,resmî,0
1582,belgeleri,0
1583,saklamak,0
1584,çeşitli,0
1585,hizmetlere,0
1586,erişmek,0
1587,çevrim,0
1588,içi,0
1589,çevrim,0
1590,dışı,0
1591,olarak,0
1592,kullanılabilecek,0
1593,Birleşmiş,0
1594,Milletler,0
1595,Gıda,0
1596,Tarım,0
1597,Örgütü,0
1598,gıda,0
1599,fiyat,0
1600,endeksi,0
1601,mayıs,0
1602,ayında,0
1603,yıllık,0
1604,bazda,0
1605,397,0
1606,artarak,0
1607,Eylül,0
1608,2011,0
1609,den,0
1610,yana,0
1611,görülen,0
1612,yüksek,0
1613,seviyeye,0
1614,geldi,0
1615,Detaylar,0
1616,Çin,0
1617,artan,0
1618,tahıl,0
1619,talebinin,0
1620,Brezilya,0
1621,daki,0
1622,kuraklığın,0
1623,fiyat,0
1624,artışlarında,0
1625,etkili,0
1626,olduğu,0
1627,düşünülürken,0
1628,iş,0
1629,gücü,0
1630,ulaşım,0
1631,taşımacılık,0
1632,maliyetlerinin,0
1633,önümüzdeki,0
1634,aylarda,0
1635,fiyatlar,0
1636,üzerinde,0
1637,yukarı,0
1638,yönlü,0
1639,baskı,0
1640,oluşturması,0
1641,bekleniyor,0
1642,Rusya,0
1643,Maliye,0
1644,Bakanı,0
1645,Anton,0
1646,Siluanov,0
1647,ulusal,0
1648,varlık,0
1649,fonundaki,0
1650,dolar,0
1651,varlıklarını,0
1652,tamamen,0
1653,elden,0
1654,çıkaracaklarını,0
1655,doların,0
1656,fondaki,0
1657,payını,0
1658,avro,0
1659,yuan,0
1660,altının,0
1661,alacağını,0
1662,açıkladı,0
1663,Apple,0
1664,ın,0
1665,elektrikli,0
1666,otonom,0
1667,araçlar,0
1668,üretmek,0
1669,kurduğu,0
1670,biriminden,0
1671,son,0
1672,altı,0
1673,ayda,0
1674,üç,0
1675,üst,0
1676,düzey,0
1677,yönetici,0
1678,ayrıldı,0
1679,Bloomberg,0
1680,ün,0
1681,haberine,0
1682,göre,0
1683,son,0
1684,dönemde,0
1685,Tesla,0
1686,nın,0
1687,sürüş,0
1688,üretim,0
1689,sistemlerinden,0
1690,sorumlu,0
1691,eski,0
1692,mühendisleri,0
1693,dâhil,0
1694,birçok,0
1695,önemli,0
1696,ismi,0
1697,ekibe,0
1698,katan,0
1699,şirket,0
1700,otonom,0
1701,bir,0
1702,aracın,0
1703,yanı,0
1704,sıra,0
1705,normal,0
1706,bir,0
1707,araç,0
1708,üretmek,0
1709,çalışmalar,0
1710,yürütüyor,0
1711,Bir,0
1712,adım,0
1713,geriden,0
1714,Apple,0
1715,otonom,0
1716,araç,0
1717,projesini,0
1718,2014,0
1719,te,0
1720,başlattı,0
1721,2021,0
1722,in,0
1723,başında,0
1724,Apple,0
1725,Hyundai,0
1726,nin,0
1727,elektrikli,0
1728,araçlar,0
1729,geliştirmek,0
1730,iş,0
1731,birliğine,0
1732,gideceği,0
1733,açıklanmış,0
1734,ancak,0
1735,anlaşma,0
1736,gerçekleşmemişti,0
1737,Apple,0
1738,ın,0
1739,iyi,0
1740,ihtimalle,0
1741,2020,0
1742,li,0
1743,yılların,0
1744,sonunda,0
1745,ilk,0
1746,aracını,0
1747,piyasaya,0
1748,sürmesi,0
1749,bekleniyor,0
1750,Türkiye,0
1751,Futbol,0
1752,Federasyonu,0
1753,gelecek,0
1754,sezon,0
1755,kadroda,0
1756,14,0
1757,sahada,0
1758,aynı,0
1759,anda,0
1760,8,0
1761,yabancı,0
1762,futbolcuya,0
1763,izin,0
1764,verileceğini,0
1765,açıkladı,0
1766,Fransa,0
1767,Ligue,0
1768,1,0
1769,2023,0
1770,24,0
1771,sezonundan,0
1772,itibaren,0
1773,20,0
1774,yerine,0
1775,18,0
1776,takımla,0
1777,oynanacak,0
1778,ABD,0
1779,hükümeti,0
1780,ülkenin,0
1781,son,0
1782,el,0
1783,değmemiş,0
1784,toprakları,0
1785,olarak,0
1786,bilinen,0
1787,Alaska,0
1788,daki,0
1789,yabani,0
1790,hayatı,0
1791,koruma,0
1792,bölgesinde,0
1793,verilmiş,0
1794,petrol,0
1795,doğal,0
1796,gaz,0
1797,arama,0
1798,çıkarma,0
1799,ruhsatlarının,0
1800,askıya,0
1801,alınacağını,0
1802,açıkladı,0
1803,Eski,0
1804,Başkan,0
1805,Trump,0
1806,döneminde,0
1807,pek,0
1808,şirkete,0
1809,ren,0
1810,geyiği,0
1811,kurt,0
1812,hayvan,0
1813,türlerinin,0
1814,yaşam,0
1815,alanı,0
1816,olan,0
1817,bölgede,0
1818,arama,0
1819,ruhsatı,0
1820,verilmişti,0
1821,Hollanda,0
1822,hayvan,0
1823,hakları,0
1824,yasası,0
1825,Hollanda,0
1826,evcil,0
1827,hayvanların,0
1828,kulübe,0
1829,kafeste,0
1830,tutulmasını,0
1831,çiftlik,0
1832,hayvanlarının,0
1833,toplu,0
1834,hâlde,0
1835,yaşatılmasını,0
1836,annelerinden,0
1837,kısa,0
1838,sürede,0
1839,ayrılmasını,0
1840,yasaklayan,0
1841,hayvan,0
1842,hakları,0
1843,yasası,0
1844,kabul,0
1845,edildi,0
1846,Tarım,0
1847,Bakanlığı,0
1848,besicilerin,0
1849,karşı,0
1850,çıktığı,0
1851,yasa,0
1852,net,0
1853,olmamakla,0
1854,eleştiriliyor,0
1855,ABD,0
1856,Ticaret,1
1857,Temsilciliği,0
1858,aralarında,0
1859,Türkiye,0
1860,nin,0
1861,bulunduğu,0
1862,altı,0
1863,ülkenin,0
1864,ABD,0
1865,merkezli,0
1866,şirketlere,0
1867,uyguladığı,0
1868,dijital,0
1869,hizmetler,0
1870,vergilerine,0
1871,misilleme,0
1872,olarak,0
1873,ülkelerden,0
1874,ithal,0
1875,ettiği,0
1876,toplam,0
1877,2,0
1878,milyar,0
1879,dolar,0
1880,değerindeki,0
1881,bir,0
1882,grup,0
1883,ürüne,0
1884,25,0
1885,ek,0
1886,gümrük,0
1887,vergisi,0
1888,getirdiklerini,0
1889,ancak,0
1890,müzakerelere,0
1891,zaman,0
1892,tanımak,0
1893,vergiyi,0
1894,hemen,0
1895,uygulamayacaklarını,0
1896,açıkladı,0
1897,Facebook,1
1898,işletmelerin,0
1899,kendi,0
1900,hizmet,0
1901,satış,0
1902,uygulamalarından,0
1903,Instagram,1
1904,ın,0
1905,mesajlaşma,0
1906,araçlarına,0
1907,erişerek,0
1908,müşterilerle,0
1909,kolay,0
1910,iletişim,0
1911,kurabilmesi,0
1912,yeni,0
1913,bir,0
1914,API,0
1915,entegrasyonu,0
1916,açtığını,0
1917,duyurdu,0
1918,İsrail,0
1919,parlamento,0
1920,Koalisyon,0
1921,yaklaşık,0
1922,on,0
1923,gün,0
1924,sonraki,0
1925,oylamada,0
1926,yasama,0
1927,tarafından,0
1928,onanırsa,0
1929,Binyamin,0
1930,Netanyahu,0
1931,nun,0
1932,12,0
1933,yıllık,0
1934,başbakanlık,0
1935,dönemi,0
1936,son,0
1937,bulacak,0
1938,Yamina,0
1939,lideri,0
1940,Naftali,0
1941,Bennett,0
1942,Yesh,0
1943,Atid,0
1944,lideri,0
1945,Yair,0
1946,Lapid,0
1947,dönüşümlü,0
1948,şekilde,0
1949,başbakanlık,0
1950,yapacak,0
1951,MGK,0
1952,bildirisi,0
1953,Dün,0
1954,yayımlanan,0
1955,Millî,0
1956,Güvenlik,0
1957,Kurulu,0
1958,bildirisinde,0
1959,İsrail,0
1960,in,0
1961,Filistin,0
1962,topraklarını,0
1963,hukuksuz,0
1964,işgali,0
1965,sivil,0
1966,halkı,0
1967,kasten,0
1968,hedef,0
1969,alan,0
1970,insanlık,0
1971,dışı,0
1972,eylemleri,0
1973,şiddetle,0
1974,kınandı,0
1975,savaş,0
1976,suçu,0
1977,niteliğindeki,0
1978,İsrail,0
1979,saldırılarının,0
1980,tekrarlanmaması,0
1981,çağrısı,0
1982,yapıldı,0
1983,Uluslararası,0
1984,Çalışma,0
1985,Örgütü,0
1986,ILO,0
1987,pandemi,0
1988,sonrasında,0
1989,küresel,0
1990,iş,0
1991,gücü,0
1992,piyasasını,0
1993,zorlu,0
1994,eşit,0
1995,olmayan,0
1996,bir,0
1997,toparlanma,0
1998,sürecinin,0
1999,beklediğini,0
2000,açıkladı,0
2001,ILO,0
2002,göre,0
2003,istihdam,0
2004,yaratma,0
2005,hızının,0
2006,pandemi,0
2007,döneminde,0
2008,kaybedilen,0
2009,istihdamı,0
2010,karşılaması,0
2011,2023,0
2012,ten,0
2013,önce,0
2014,muhtemel,0
2015,görünmüyor,0
2016,Radyo,0
2017,Televizyon,0
2018,Üst,0
2019,Kurulu,0
2020,Cumhurbaşkanı,0
2021,Erdoğan,0
2022,ın,0
2023,İYİ,0
2024,Parti,0
2025,lideri,0
2026,Meral,0
2027,Akşener,0
2028,e,0
2029,yönelik,0
2030,sözlerinin,0
2031,eleştirildiği,0
2032,Sözüm,0
2033,Var,0
2034,programı,0
2035,sebebiyle,0
2036,Halk,0
2037,TV,0
2038,ye,0
2039,SADAT,0
2040,la,0
2041,ilgili,0
2042,tartışmaların,0
2043,yer,0
2044,aldığı,0
2045,Söz,0
2046,Meclisi,0
2047,programı,0
2048,sebebiyle,0
2049,KRT,0
2050,TV,0
2051,ye,0
2052,kadına,0
2053,yönelik,0
2054,fiziksel,0
2055,şiddet,0
2056,sahneleri,0
2057,içeren,0
2058,Masumiyet,0
2059,dizisi,0
2060,sebebiyle,0
2061,Fox,0
2062,TV,0
2063,ye,0
2064,idari,0
2065,para,0
2066,cezaları,0
2067,verdi,0
2068,Sedat,0
2069,Peker,0
2070,in,0
2071,kardeşi,0
2072,Atilla,0
2073,Peker,0
2074,1996,0
2075,gazeteci,0
2076,Kutlu,0
2077,Adalı,0
2078,nın,0
2079,öldürülmesiyle,0
2080,ilgili,0
2081,ifade,0
2082,verdi,0
2083,Peker,0
2084,sonra,0
2085,adli,0
2086,kontrol,0
2087,şartıyla,0
2088,serbest,0
2089,bırakıldı,0
2090,Bir,0
2091,adım,0
2092,geriden,0
2093,Sedat,0
2094,Peker,0
2095,eski,0
2096,İçişleri,0
2097,Bakanı,0
2098,Mehmet,0
2099,Ağar,0
2100,ın,0
2101,Adalı,0
2102,nın,0
2103,öldürülmesi,0
2104,kendisinden,0
2105,tetikçi,0
2106,talep,0
2107,ettiğini,0
2108,kendisinin,0
2109,kardeşini,0
2110,önerdiğini,0
2111,kardeşinin,0
2112,KKTC,0
2113,ye,0
2114,gittiğini,0
2115,öne,0
2116,sürmüştü,0
2117,Tatar,0
2118,dan,0
2119,açıklama,0
2120,KKTC,0
2121,Başbakanı,0
2122,Ersin,0
2123,Tatar,0
2124,cinayetle,0
2125,ilgili,0
2126,KKTC,0
2127,süren,0
2128,meclis,0
2129,araştırmasını,0
2130,Türkiye,0
2131,devam,0
2132,eden,0
2133,savcılık,0
2134,soruşturmasını,0
2135,dikkatle,0
2136,takip,0
2137,ettiğini,0
2138,dosyanın,0
2139,kapanmadığını,0
2140,söyledi,0
2141,Spotify,1
2142,kişiselleştirilmiş,0
2143,bir,0
2144,deneyim,0
2145,sunmak,0
2146,geliştirdiği,0
2147,Only,0
2148,You,0
2149,Blend,0
2150,isimli,0
2151,özelliklerini,0
2152,duyurdu,0
2153,Only,0
2154,You,0
2155,Spotify,1
2156,ın,0
2157,yıl,0
2158,sonunda,0
2159,yayımladığı,0
2160,Wrapped,0
2161,özelliği,0
2162,kullanıcıların,0
2163,sevdiği,0
2164,şarkılara,0
2165,sanatçılara,0
2166,müzik,0
2167,türlerine,0
2168,odaklanan,0
2169,özellik,0
2170,belirli,0
2171,temalarda,0
2172,özelleştirilmiş,0
2173,çalma,0
2174,listeleri,0
2175,sunacak,0
2176,Blend,0
2177,Kullanıcılar,0
2178,özellikle,0
2179,herhangi,0
2180,bir,0
2181,Spotify,1
2182,kullanıcısıyla,0
2183,ortak,0
2184,müzik,0
2185,zevklerini,0
2186,onlara,0
2187,özel,0
2188,hazırlanmış,0
2189,bir,0
2190,çalma,0
2191,listesinde,0
2192,buluşturabilecek,0
2193,Günün,0
2194,öne,0
2195,çıkan,0
2196,karşılaşmaları,0
2197,Erkekler,0
2198,Basketbol,0
2199,Süper,0
2200,Ligi,0
2201,final,0
2202,serisi,0
2203,1,0
2204,maç,0
2205,Anadolu,0
2206,Efes,0
2207,Fenerbahçe17,0
2208,00,0
2209,TRT,0
2210,Spor,0
2211,Erkekler,0
2212,futbol,0
2213,hazırlık,0
2214,maçı,0
2215,Türkiye,0
2216,Moldova,0
2217,20,0
2218,00,0
2219,TRT,0
2220,Spor,0
2221,Merkez,0
2222,Bankası,0
2223,Başkanı,0
2224,Şahap,0
2225,Kavcıoğlu,0
2226,haziran,0
2227,ayı,0
2228,yatırımcı,0
2229,toplantısında,0
2230,Piyasalardaki,0
2231,haklı,0
2232,bir,0
2233,gerekçeye,0
2234,dayanmayan,0
2235,erken,0
2236,gevşeme,0
2237,beklentilerinin,0
2238,tümüyle,0
2239,ortadan,0
2240,kalkması,0
2241,gerekiyor,0
2242,ifadelerini,0
2243,kullandı,0
2244,Dahası,0
2245,Kavcıoğlu,0
2246,enflasyonda,0
2247,kalıcı,0
2248,düşüşe,0
2249,işaret,0
2250,eden,0
2251,göstergeler,0
2252,oluşana,0
2253,kadar,0
2254,politika,0
2255,faizini,0
2256,gerçekleşmiş,0
2257,beklenen,0
2258,enflasyonun,0
2259,üstünde,0
2260,tutmaya,0
2261,devam,0
2262,edeceklerini,0
2263,sadeleştirilmiş,0
2264,para,0
2265,politikasını,0
2266,koruyacaklarını,0
2267,kararları,0
2268,şeffaf,0
2269,öngörülebilir,0
2270,bir,0
2271,şekilde,0
2272,almayı,0
2273,sürdüreceklerini,0
2274,ifade,0
2275,etti,0
2276,Birleşik,0
2277,Krallık,0
2278,merkezli,0
2279,banka,0
2280,Standard,0
2281,Chartered,0
2282,Birleşik,0
2283,Krallık,0
2284,Avrupa,0
2285,daki,0
2286,kurumsal,0
2287,yatırımcılar,0
2288,kripto,0
2289,para,0
2290,ticaret,0
2291,platformu,0
2292,kurmayı,0
2293,düşündüğünü,0
2294,açıkladı,0
2295,Nasıl,0
2296,Yeni,0
2297,platform,0
2298,Standard,0
2299,Chartered,0
2300,ın,0
2301,yenilik,0
2302,girişim,0
2303,birimi,0
2304,olan,0
2305,SC,0
2306,Ventures,0
2307,Hong,0
2308,Kong,0
2309,merkezli,0
2310,kripto,0
2311,para,0
2312,borsası,0
2313,OSL,0
2314,nin,0
2315,ana,0
2316,şirketi,0
2317,olan,0
2318,BC,0
2319,Group,0
2320,iş,0
2321,birliğiyle,0
2322,kurulacak,0
2323,İki,0
2324,şirketin,0
2325,ortak,0
2326,girişiminin,0
2327,2021,0
2328,in,0
2329,son,0
2330,çeyreğinde,0
2331,işlemlere,0
2332,başlaması,0
2333,hedefleniyor,0
2334,Karşılaştırma,0
2335,Standard,0
2336,Chartered,0
2337,ın,0
2338,büyük,0
2339,rakibi,0
2340,HSBC,1
2341,geçtiğimiz,0
2342,hafta,0
2343,volatilitesinin,0
2344,yüksek,0
2345,olması,0
2346,nedeniyle,0
2347,müşterilerine,0
2348,kripto,0
2349,para,0
2350,yatırımı,0
2351,seçeneği,0
2352,sunmayacağını,0
2353,açıklamıştı,0
2354,Huawei,1
2355,akıllı,0
2356,telefonlar,0
2357,HarmonyOS,1
2358,işletim,0
2359,sistemini,0
2360,kullanıma,0
2361,sundu,0
2362,Öte,0
2363,yandan,0
2364,Şirket,0
2365,dün,0
2366,HarmonyOS,1
2367,duyurusunu,0
2368,yaptığı,0
2369,etkinlikte,0
2370,piyasaya,0
2371,sürmeyi,0
2372,planladığı,0
2373,P50,0
2374,modelinin,0
2375,tanıtım,0
2376,videosunu,0
2377,ilk,0
2378,yayımladı,0
2379,Modelle,0
2380,ilgili,0
2381,detayları,0
2382,henüz,0
2383,paylaşmayan,0
2384,şirket,0
2385,Leica,0
2386,destekli,0
2387,dört,0
2388,kamerayla,0
2389,P50,0
2390,modelinin,0
2391,mobil,0
2392,fotoğrafçılığı,0
2393,yeni,0
2394,bir,0
2395,seviyeye,0
2396,taşıyacağını,0
2397,söyledi,0
2398,Tesla,1
2399,fren,0
2400,kaliperi,0
2401,cıvatalarının,0
2402,gevşek,0
2403,olabileceği,0
2404,endişesiyle,0
2405,ABD,0
2406,yaklaşık,0
2407,altı,0
2408,bin,0
2409,aracı,0
2410,geri,0
2411,çağırma,0
2412,kararı,0
2413,aldı,0
2414,2019,0
2415,ila,0
2416,2021,0
2417,yılları,0
2418,arasında,0
2419,üretilen,0
2420,Model,0
2421,3,0
2422,Model,0
2423,Y,0
2424,leri,0
2425,kapsayan,0
2426,geri,0
2427,çağırmanın,0
2428,ardından,0
2429,gerekli,0
2430,incelemeler,0
2431,yapılarak,0
2432,fren,0
2433,kaliperleri,0
2434,değiştirilecek,0
2435,Öte,0
2436,yandan,0
2437,Tesla,1
2438,güvenilir,0
2439,madencilik,0
2440,sektörü,0
2441,sorumlu,0
2442,üretim,0
2443,uygulamalarıyla,0
2444,öne,0
2445,çıkan,0
2446,Avusturalya,0
2447,pil,0
2448,ham,0
2449,maddelerine,0
2450,yıllık,0
2451,1,0
2452,milyar,0
2453,dolardan,0
2454,fazla,0
2455,yatırım,0
2456,yapılacağını,0
2457,açıkladı,0
2458,Fenerbahçe,1
2459,5,0
2460,6,0
2461,Haziran,0
2462,tarihlerinde,0
2463,yapılacağını,0
2464,açıkladığı,0
2465,olağan,0
2466,seçimli,0
2467,genel,0
2468,kurul,0
2469,toplantısının,0
2470,normalleşme,0
2471,süreci,0
2472,nedeniyle,0
2473,18,0
2474,19,0
2475,Haziran,0
2476,tarihlerinde,0
2477,yapılacağını,0
2478,açıkladı,0
2479,Bernardo,1
2480,nun,0
2481,iflası,0
2482,İstanbul,0
2483,1,0
2484,Asliye,0
2485,Ticaret,0
2486,mahkemesi,0
2487,tarafından,0
2488,onaylandı,0
2489,2018,0
2490,konkordatoya,0
2491,başvuran,0
2492,şirket,0
2493,35,0
2494,şehirdeki,0
2495,122,0
2496,mağazasında,0
2497,toplam,0
2498,850,0
2499,kişi,0
2500,istihdam,0
2501,ediyordu,0
2502,Mağazalar,0
2503,mahkeme,0
2504,kararının,0
2505,ardından,0
2506,mühürlenerek,0
2507,kapatıldı,0
2508,Görsel,0
2509,Financial,0
2510,Times,0
2511,ABD,0
2512,merkezli,0
2513,sinema,0
2514,zinciri,0
2515,AMC,0
2516,Entertainment,0
2517,şirket,0
2518,hisselerinin,0
2519,2021,0
2520,1400,0
2521,değerlenmesine,0
2522,katkıda,0
2523,bulunan,0
2524,bireysel,0
2525,yatırımcılara,0
2526,özel,0
2527,film,0
2528,gösterimleri,0
2529,ücretsiz,0
2530,patlamış,0
2531,mısır,0
2532,ödüller,0
2533,vereceğini,0
2534,açıkladı,0
2535,Açıklamanın,0
2536,ardından,0
2537,şirket,0
2538,hisseleri,0
2539,93,0
2540,değer,0
2541,kazanarak,0
2542,New,0
2543,York,0
2544,borsasında,0
2545,işlemlerin,0
2546,iki,0
2547,durdurulmasına,0
2548,oldu,0
2549,Neler,0
2550,olmuştu,0
2551,Geçtiğimiz,0
2552,şubat,0
2553,ayında,0
2554,Reddit,0
2555,te,0
2556,bir,0
2557,araya,0
2558,gelen,0
2559,kullanıcılar,0
2560,GameStop,1
2561,AMC,0
2562,Entertainment,0
2563,şirketlerin,0
2564,hisselerine,0
2565,büyük,0
2566,miktarda,0
2567,yatırım,0
2568,yaparak,0
2569,piyasalarda,0
2570,dalgalanmalara,0
2571,olmuştu,0
2572,Yatırımcı,0
2573,profili,0
2574,Mart,0
2575,2021,0
2576,itibarıyla,0
2577,32,0
2578,milyondan,0
2579,fazla,0
2580,bireysel,0
2581,yatırımcının,0
2582,AMC,0
2583,hissesi,0
2584,bulunuyor,0
2585,Amatör,0
2586,yatırımcılar,0
2587,şirketin,0
2588,hissedarlarının,0
2589,80,0
2590,ini,0
2591,oluşturuyor,0
2592,Azerbaycan,0
2593,Savunma,0
2594,Bakanlığı,0
2595,Ermenistan,0
2596,ordusundan,0
2597,kırk,0
2598,askerin,0
2599,2020,0
2600,deki,0
2601,Karabağ,0
2602,Savaşı,0
2603,sonucu,0
2604,Ermenistan,0
2605,işgalinden,0
2606,geri,0
2607,alınan,0
2608,Kelbecer,0
2609,ilçesine,0
2610,bağlı,0
2611,Armudlu,0
2612,köyüne,0
2613,sızdığını,0
2614,sızan,0
2615,askerlerin,0
2616,çatışma,0
2617,yaşanmadan,0
2618,sınır,0
2619,dışına,0
2620,çıkarıldığını,0
2621,açıkladı,0
2622,Bloomberg,0
2623,Daimler,1
2624,araç,0
2625,iletişimi,0
2626,navigasyon,0
2627,sistemleri,0
2628,sürücüsüz,0
2629,araçlarda,0
2630,kullanılan,0
2631,teknolojilerin,0
2632,patentlerini,0
2633,elinde,0
2634,barındıran,0
2635,Nokia,0
2636,patent,0
2637,ücreti,0
2638,ödemeyi,0
2639,kabul,0
2640,etti,0
2641,Bir,0
2642,adım,0
2643,geriden,0
2644,Nokia,0
2645,nisan,0
2646,ayında,0
2647,yirmi,0
2648,patenti,0
2649,ihlal,0
2650,ettiği,0
2651,gerekçesiyle,0
2652,Lenovo,0
2653,karşı,0
2654,açtığı,0
2655,davayı,0
2656,kazanmıştı,0
2657,Geçtiğimiz,0
2658,ay,0
2659,Samsung,0
2660,Nokia,0
2661,bir,0
2662,patent,0
2663,anlaşması,0
2664,imzalamıştı,0
2665,Geniş,0
2666,perspektif,0
2667,Nokia,0
2668,patentlerden,0
2669,yıllık,0
2670,14,0
2671,milyar,0
2672,avro,0
2673,gelir,0
2674,elde,0
2675,ediyor,0
2676,Şirkete,0
2677,patent,0
2678,ücreti,0
2679,ödeyen,0
2680,otomobil,0
2681,üreticileri,0
2682,arasında,0
2683,Audi,0
2684,BMW,0
2685,Volkswagen,0
2686,Volvo,0
2687,şirketler,0
2688,yer,0
2689,alıyor,0
2690,Gezi,0
2691,Parkı,0
2692,protestoları,0
2693,döneminde,0
2694,Ankara,0
2695,daki,0
2696,eylemlerde,0
2697,bir,0
2698,polis,0
2699,memuru,0
2700,tarafından,0
2701,vurularak,0
2702,öldürülen,0
2703,Ethem,0
2704,Sarısülük,0
2705,düzenlenen,0
2706,anma,0
2707,törenine,0
2708,polis,0
2709,müdahale,0
2710,etti,0
2711,Dokuz,0
2712,kişi,0
2713,gözaltına,0
2714,alındı,0
2715,Coinbase,1
2716,kartının,0
2717,artık,0
2718,Apple,0
2719,Pay,0
2720,Google,0
2721,Pay,0
2722,kullanılabileceğini,0
2723,kullanıcıların,0
2724,kripto,0
2725,para,0
2726,birimlerini,0
2727,dolara,0
2728,çevirerek,0
2729,alışveriş,0
2730,yapabileceğini,0
2731,ATM,0
2732,den,0
2733,para,0
2734,çekme,0
2735,işlemlerini,0
2736,gerçekleştirebileceğini,0
2737,açıkladı,0
2738,Fotoğraf,0
2739,AFP,0
2740,Getty,0
2741,Images,0
2742,Petrol,1
2743,İhraç,0
2744,Eden,0
2745,Ülkeler,0
2746,Örgütü,0
2747,OPEC,0
2748,Rusya,0
2749,dâhil,0
2750,diğer,0
2751,üretici,0
2752,ülkelerden,0
2753,oluşan,0
2754,OPEC,0
2755,grubu,0
2756,önümüzdeki,0
2757,aydan,0
2758,itibaren,0
2759,üretimi,0
2760,günlük,0
2761,450,0
2762,bin,0
2763,varil,0
2764,civarında,0
2765,artırma,0
2766,kararı,0
2767,aldı,0
2768,Brent,0
2769,petrol,1
2770,fiyatları,0
2771,varil,0
2772,başına,0
2773,70,0
2774,doların,0
2775,üzerine,0
2776,çıkarak,0
2777,son,0
2778,iki,0
2779,yıl,0
2780,içindeki,0
2781,yüksek,0
2782,seviyelere,0
2783,geldi,0
2784,Bir,0
2785,adım,0
2786,geriden,0
2787,2020,0
2788,baharında,0
2789,pandeminin,0
2790,dünya,0
2791,çapında,0
2792,petrole,0
2793,olan,0
2794,talebi,0
2795,düşürmesi,0
2796,nedeniyle,0
2797,üretimi,0
2798,günlük,0
2799,97,0
2800,milyon,0
2801,varil,0
2802,azaltma,0
2803,kararı,0
2804,alan,0
2805,grup,0
2806,piyasalardaki,0
2807,toparlanma,0
2808,sinyalleriyle,0
2809,birlikte,0
2810,üretim,0
2811,kesintilerini,0
2812,kademeli,0
2813,olarak,0
2814,hafifletmeye,0
2815,başlamıştı,0
2816,Kutlu,0
2817,Adalı,0
2818,Günün,0
2819,öne,0
2820,çıkan,0
2821,karşılaşmaları,0
2822,Hazırlık,0
2823,maçı,0
2824,Almanya,0
2825,Danimarka,0
2826,22,0
2827,00,0
2828,S,0
2829,Sport,0
2830,Voelybol,0
2831,Kadınlar,0
2832,Milletler,0
2833,Ligi,0
2834,Çin,0
2835,Türkiye,0
2836,17,0
2837,00,0
2838,TRT,0
2839,Spor,0
2840,2,0
2841,Brezilya,0
2842,İtalya,0
2843,22,0
2844,00,0
2845,TRT,0
2846,Spor,0
2847,2,0
2848,Elon,0
2849,Musk,0
2850,SpaceX,1
2851,in,0
2852,ilk,0
2853,okyanus,0
2854,uzay,0
2855,limanı,0
2856,platformunun,0
2857,yapımının,0
2858,başladığını,0
2859,platformun,0
2860,gelecek,0
2861,yıl,0
2862,faaliyete,0
2863,geçmesini,0
2864,planladıklarını,0
2865,duyurdu,0
2866,Fenerbahçe,1
2867,Başkanı,0
2868,Ali,0
2869,Koç,0
2870,ligin,0
2871,son,0
2872,haftalarında,0
2873,teknik,0
2874,direktörlük,0
2875,görevini,0
2876,üstlenen,0
2877,Emre,0
2878,Belözoğlu,0
2879,nun,0
2880,gelecek,0
2881,sezon,0
2882,takımın,0
2883,başında,0
2884,olmayacağını,0
2885,açıkladı,0
2886,Yeni,0
2887,sponsor,0
2888,Adidas,0
2889,la,0
2890,yollarını,0
2891,ayıran,0
2892,Fenerbahçe,1
2893,Puma,0
2894,yla,0
2895,anlaştığını,0
2896,resmen,0
2897,duyurdu,0
2898,Öte,0
2899,yandan,0
2900,önümüzdeki,0
2901,sezondan,0
2902,itibaren,0
2903,formalarda,0
2904,yıldız,0
2905,kullanılmayacağı,0
2906,açıklandı,0
2907,Yargıtay,1
2908,Cumhuriyet,0
2909,Başsavcısı,0
2910,Bekir,0
2911,Şahin,0
2912,HDP,1
2913,nin,0
2914,kapatılması,0
2915,talebiyle,0
2916,hazırlanan,0
2917,eksikler,0
2918,nedeniyle,0
2919,Anayasa,0
2920,Mahkemesi,0
2921,tarafından,0
2922,iade,0
2923,edilen,0
2924,iddianamenin,0
2925,tekrar,0
2926,hazırlandığını,0
2927,açıkladı,0
2928,İstanbul,0
2929,Sanayi,0
2930,Odası,0
2931,verilerine,0
2932,göre,0
2933,imalat,0
2934,sanayi,0
2935,satın,0
2936,alma,0
2937,yöneticileri,0
2938,endeksi,0
2939,PMI,0
2940,mayıs,0
2941,ayında,0
2942,493,0
2943,seviyesinde,0
2944,gerçekleşerek,0
2945,son,0
2946,bir,0
2947,yıl,0
2948,içinde,0
2949,ilk,0
2950,eşik,0
2951,değer,0
2952,olan,0
2953,50,0
2954,nin,0
2955,altına,0
2956,indi,0
2957,faaliyet,0
2958,koşullarında,0
2959,bozulmaya,0
2960,işaret,0
2961,etti,0
2962,Raporda,0
2963,mayıs,0
2964,ayının,0
2965,büyük,0
2966,bölümünde,0
2967,yürürlükte,0
2968,olan,0
2969,kısıtlamaların,0
2970,sektörü,0
2971,olumsuz,0
2972,etkilediği,0
2973,üretim,0
2974,yeni,0
2975,siparişlerin,0
2976,yavaşladığı,0
2977,kaydedildi,0
2978,İspanya,0
2979,La,0
2980,Liga,0
2981,ekiplerinden,0
2982,Real,0
2983,Madrid,0
2984,teknik,0
2985,direktörlük,0
2986,görevi,0
2987,Carlo,0
2988,Ancelotti,0
2989,üç,0
2990,yıllık,0
2991,anlaşmaya,0
2992,vardığını,0
2993,açıkladı,0
2994,CNN,1
2995,şirket,0
2996,içinde,0
2997,CNN,1
2998,olarak,0
2999,bilinen,0
3000,bir,0
3001,çevrim,0
3002,içi,0
3003,video,0
3004,akış,0
3005,streaming,0
3006,platformu,0
3007,kurmaya,0
3008,hazırlanıyor,0
3009,Wall,0
3010,Street,0
3011,Journal,0
3012,ın,0
3013,konuya,0
3014,hâkim,0
3015,kaynaklara,0
3016,dayandırdığı,0
3017,haberine,0
3018,göre,0
3019,gelecek,0
3020,yıl,0
3021,içinde,0
3022,hizmete,0
3023,girmesi,0
3024,planlanan,0
3025,platformda,0
3026,CNN,1
3027,in,0
3028,yıldız,0
3029,sunucularının,0
3030,özel,0
3031,şovları,0
3032,yer,0
3033,alacak,0
3034,Bir,0
3035,adım,0
3036,geriden,0
3037,Warner,0
3038,Media,0
3039,nın,0
3040,çatı,0
3041,şirketi,0
3042,AT,0
3043,T,0
3044,iki,0
3045,hafta,0
3046,önce,0
3047,Discovery,0
3048,43,0
3049,milyar,0
3050,dolarlık,0
3051,bir,0
3052,birleşme,0
3053,anlaşmasına,0
3054,imza,0
3055,atmıştı,0
3056,Anlaşmanın,0
3057,ardından,0
3058,Netflix,0
3059,Disney,0
3060,a,0
3061,rakip,0
3062,olması,0
3063,beklenen,0
3064,şirketin,0
3065,bünyesinde,0
3066,HBO,0
3067,Max,0
3068,Discovery,0
3069,bulunuyor,0
3070,CNN,1
3071,şirket,0
3072,içindeki,0
3073,üçüncü,0
3074,çevrim,0
3075,içi,0
3076,video,0
3077,akış,0
3078,platformu,0
3079,olacak,0
3080,Avro,0
3081,bölgesinde,0
3082,enflasyon,1
3083,mayıs,0
3084,ayında,0
3085,2,0
3086,ye,0
3087,yükselerek,0
3088,2018,0
3089,den,0
3090,yana,0
3091,ilk,0
3092,Avrupa,0
3093,Merkez,0
3094,Bankasının,0
3095,ECB,0
3096,enflasyon,1
3097,hedefinin,0
3098,üzerine,0
3099,çıktı,0
3100,Bazı,0
3101,ekonomistler,0
3102,bölgede,0
3103,enflasyonun,0
3104,yıl,0
3105,sonunda,0
3106,2,0
3107,nin,0
3108,üzerinde,0
3109,olacağını,0
3110,öngörse,0
3111,geçtiğimiz,0
3112,haftalarda,0
3113,ECB,0
3114,Başkanı,0
3115,Christine,0
3116,Lagarde,0
3117,enflasyonda,0
3118,son,0
3119,dönemde,0
3120,görülen,0
3121,artışın,0
3122,geçici,0
3123,olduğunu,0
3124,söylemişti,0
3125,Kademeli,0
3126,normalleşme,0
3127,döneminde,0
3128,sanat,0
3129,etkinliklerinin,0
3130,yasak,0
3131,kapsamında,0
3132,kalması,0
3133,sonrasında,0
3134,devlet,0
3135,desteklerini,0
3136,yetersiz,0
3137,bulan,0
3138,sanatçılar,0
3139,Gözünü,0
3140,Yumma,0
3141,önlemlerin,0
3142,yer,0
3143,aldığı,0
3144,genelgede,0
3145,konserlerin,0
3146,yasak,0
3147,olduğunun,0
3148,belirtilmemesi,0
3149,sebebiyle,0
3150,sokağa,0
3151,çıkmanın,0
3152,serbest,0
3153,olduğu,0
3154,saatlerde,0
3155,etkinlik,0
3156,yapılabileceği,0
3157,belirtildi,0
3158,Rekabet,0
3159,Kurumu,0
3160,devralma,0
3161,birleşme,0
3162,işlemlerini,0
3163,onayladı,0
3164,OYAK,0
3165,ın,0
3166,Tamek,0
3167,Gıda,0
3168,yı,0
3169,satın,0
3170,alması,0
3171,onaylandı,0
3172,Aslı,0
3173,Börek,0
3174,in,0
3175,İstanbul,0
3176,bulunan,0
3177,üretim,0
3178,tesisi,0
3179,mağazalarının,0
3180,Eksun,0
3181,Gıda,0
3182,devredilmesine,0
3183,onay,0
3184,çıktı,0
3185,Total,0
3186,Produce,0
3187,Dole,0
3188,Food,0
3189,Company,0
3190,nin,0
3191,Dole,0
3192,çatısı,0
3193,altında,0
3194,birleşmesi,0
3195,uygun,0
3196,bulundu,0
3197,MHP,0
3198,lideri,0
3199,Devlet,0
3200,Bahçeli,0
3201,Atatürk,0
3202,ün,0
3203,kırmızı,0
3204,çizgi,0
3205,olduğunu,0
3206,Atatürk,0
3207,e,0
3208,tahammülsüzlüğün,0
3209,Türkiye,0
3210,Cumhuriyeti,0
3211,tahammülsüzlük,0
3212,olduğunu,0
3213,söyledi,0
3214,AK,0
3215,Parti,0
3216,milletvekili,0
3217,İbrahim,0
3218,Aydemir,0
3219,Atatürk,0
3220,e,0
3221,hakareti,0
3222,kabul,0
3223,etmediklerini,0
3224,açıkladı,0
3225,Bir,0
3226,adım,0
3227,geriden,0
3228,Ayasofya,1
3229,Camii,0
3230,ndeki,0
3231,bir,0
3232,programda,0
3233,İmam,0
3234,Mustafa,0
3235,Demirkan,0
3236,Mustafa,0
3237,Kemal,0
3238,Atatürk,0
3239,e,0
3240,yönelik,0
3241,olarak,0
3242,zalim,0
3243,kâfir,0
3244,ifadelerini,0
3245,kullanmış,0
3246,CHP,0
3247,konuyla,0
3248,ilgili,0
3249,suç,0
3250,duyurusunda,0
3251,bulunmuştu,0
3252,Twitter,0
3253,hikâye,0
3254,formatı,0
3255,Fleets,0
3256,reklam,0
3257,özelliğini,0
3258,ABD,0
3259,sınırlı,0
3260,sayıda,0
3261,kullanıcıyla,0
3262,test,0
3263,etmeye,0
3264,başladı,0
3265,Ayrıntılar,0
3266,Resim,0
3267,fazla,0
3268,30,0
3269,saniyelik,0
3270,video,0
3271,formatındaki,0
3272,reklamlar,0
3273,markalar,0
3274,yukarı,0
3275,kaydırma,0
3276,linki,0
3277,ekleyebilecek,0
3278,tıklamalar,0
3279,gösterimler,0
3280,profil,0
3281,ziyaretleri,0
3282,ölçümlere,0
3283,erişebilecek,0
3284,Suudi,0
3285,Arabistan,0
3286,ezan,0
3287,sesinin,0
3288,yüksekliği,0
3289,nedeniyle,0
3290,çocuklu,0
3291,aileler,0
3292,yaşlılardan,0
3293,gelen,0
3294,şikayetler,0
3295,üzerine,0
3296,cami,0
3297,hoparlörlerinden,0
3298,üçte,0
3299,bir,0
3300,oranında,0
3301,kısık,0
3302,sesle,0
3303,ezan,0
3304,okunacağı,0
3305,açıklandı,0
3306,Öğrencilerin,0
3307,çadır,0
3308,eylemini,0
3309,devam,0
3310,ettirmek,0
3311,istediği,0
3312,Boğaziçi,0
3313,Üniversitesinde,0
3314,Güney,0
3315,Kampüs,0
3316,kapıları,0
3317,dün,0
3318,özel,0
3319,güvenlik,0
3320,tarafından,0
3321,kilitlendi,0
3322,içeriye,0
3323,girmekte,0
3324,ısrar,0
3325,eden,0
3326,öğrencilere,0
3327,müdahale,0
3328,edildi,0
3329,Kapıların,0
3330,kapalı,0
3331,olmasını,0
3332,şiddeti,0
3333,protesto,0
3334,eden,0
3335,grubun,0
3336,kalabalıklaşması,0
3337,üzerineyse,0
3338,kampüsün,0
3339,kapısı,0
3340,açıldı,0
3341,Bir,0
3342,adım,0
3343,geriden,0
3344,Üniversiteye,0
3345,rektör,0
3346,olarak,0
3347,atanan,0
3348,Prof,0
3349,Dr,0
3350,Melih,0
3351,Bulu,0
3352,nun,0
3353,istifasını,0
3354,akademisyen,0
3355,Feyzi,0
3356,Erçin,0
3357,in,0
3358,yaz,0
3359,okulunda,0
3360,ders,0
3361,vermesinin,0
3362,engellenmemesini,0
3363,talep,0
3364,eden,0
3365,öğrencilerin,0
3366,üniversitede,0
3367,başlattığı,0
3368,çadır,0
3369,nöbetine,0
3370,önceki,0
3371,gece,0
3372,müdahale,0
3373,edilmişti,0
3374,Dünya,0
3375,Sağlık,0
3376,Örgütü,0
3377,Çin,0
3378,geliştirilen,0
3379,Covid,0
3380,19,0
3381,aşısı,0
3382,Sinovac,1
3383,a,0
3384,acil,0
3385,kullanım,0
3386,onayı,0
3387,verdi,0
3388,Böylece,0
3389,aşının,0
3390,etkinliği,0
3391,üretimi,0
3392,uluslararası,0
3393,standartları,0
3394,karşıladığına,0
3395,dair,0
3396,güvence,0
3397,verildi,0
3398,Cumhurbaşkanı,0
3399,Recep,0
3400,Tayyip,0
3401,Erdoğan,0
3402,katıldığı,0
3403,bir,0
3404,televizyon,0
3405,programında,0
3406,Merkez,0
3407,Bankası,0
3408,başkanıyla,0
3409,görüştüğünü,0
3410,söyledi,0
3411,faizlerle,0
3412,ilgili,0
3413,açıklamalarda,0
3414,bulundu,0
3415,Bizim,0
3416,bir,0
3417,faizleri,0
3418,düşürmemiz,0
3419,şart,0
3420,onun,0
3421,temmuz,0
3422,ağustos,0
3423,buraları,0
3424,bulacağız,0
3425,faiz,0
3426,düşmeye,0
3427,başlasın,0
3428,Çünkü,0
3429,faiz,0
3430,yükünü,0
3431,yatırımların,0
3432,maliyetlerin,0
3433,üzerinden,0
3434,kaldırırsak,0
3435,maliyet,0
3436,enflasyonunu,0
3437,tetikleyen,0
3438,faiz,0
3439,olduğu,0
3440,orada,0
3441,bir,0
3442,rahatlama,0
3443,dönemine,0
3444,girmiş,0
3445,olacağız,0
3446,Döviz,0
3447,piyasaları,0
3448,Erdoğan,0
3449,ın,0
3450,açıklamalarının,0
3451,ardından,0
3452,dolar,0
3453,lira,0
3454,kuru,0
3455,880,0
3456,e,0
3457,avro,0
3458,lira,0
3459,kuru,0
3460,1075,0
3461,e,0
3462,kadar,0
3463,çıkarak,0
3464,zamanların,0
3465,yüksek,0
3466,seviyelerine,0
3467,geldikten,0
3468,sonra,0
3469,kurlar,0
3470,sırayla,0
3471,860,0
3472,1055,0
3473,seviyelerinde,0
3474,dengelendi,0
3475,H,0
3476,M,0
3477,çoğunluk,0
3478,hissesine,0
3479,sahip,0
3480,olduğu,0
3481,çevrim,0
3482,içi,0
3483,ikinci,0
3484,el,0
3485,satış,0
3486,platformu,0
3487,Sellpy,0
3488,nin,0
3489,yirmi,0
3490,Avrupa,0
3491,ülkesinde,0
3492,faaliyete,0
3493,başlayacağını,0
3494,duyurdu,0
3495,Bir,0
3496,adım,0
3497,geriden,0
3498,H,0
3499,M,0
3500,kullanıcıların,0
3501,ikinci,0
3502,el,0
3503,eşyalarını,0
3504,satmalarına,0
3505,aracılık,0
3506,eden,0
3507,Sellpy,0
3508,ye,0
3509,bugüne,0
3510,kadar,0
3511,20,0
3512,milyon,0
3513,avrodan,0
3514,fazla,0
3515,yatırım,0
3516,yaptı,0
3517,2014,0
3518,te,0
3519,kurulan,0
3520,şirket,0
3521,yeni,0
3522,hamleyle,0
3523,birlikte,0
3524,toplam,0
3525,yirmi,0
3526,dört,0
3527,ülkede,0
3528,faaliyet,0
3529,gösterecek,0
3530,Türkiye,0
3531,İstatistik,0
3532,Kurumu,0
3533,verilerine,0
3534,göre,0
3535,Türkiye,0
3536,gayrisafi,0
3537,yurt,0
3538,içi,0
3539,hasıla,0
3540,GSYH,0
3541,yılın,0
3542,ilk,0
3543,çeyreğinde,0
3544,2020,0
3545,nin,0
3546,aynı,0
3547,çeyreğine,0
3548,kıyasla,0
3549,7,0
3550,son,0
3551,çeyreğine,0
3552,kıyasla,0
3553,17,0
3554,arttı,0
3555,Üretim,0
3556,yöntemiyle,0
3557,GSYH,0
3558,tahmini,0
3559,ilk,0
3560,çeyrekte,0
3561,cari,0
3562,fiyatlarla,0
3563,139,0
3564,trilyon,0
3565,lira,0
3566,olurken,0
3567,dolar,0
3568,bazında,0
3569,1881,0
3570,milyar,0
3571,olarak,0
3572,gerçekleşti,0
3573,Öte,0
3574,yandan,0
3575,Ekonomik,0
3576,İşbirliği,0
3577,Kalkınma,0
3578,Örgütü,0
3579,OECD,0
3580,küresel,0
3581,ekonomik,0
3582,büyüme,0
3583,tahminlerini,0
3584,güncelleyerek,0
3585,yıl,0
3586,56,0
3587,dan,0
3588,58,0
3589,e,0
3590,önümüzdeki,0
3591,yıl,0
3592,40,0
3593,ten,0
3594,44,0
3595,e,0
3596,yükseltti,0
3597,DESTEKLİYORUZ,0
3598,İstanbul,0
3599,Planlama,0
3600,Ajansı,0
3601,tarafından,0
3602,İBB,0
3603,Sosyal,0
3604,Hizmetler,0
3605,Daire,0
3606,Başkanlığı,0
3607,İstanbul,0
3608,Kent,0
3609,Konseyi,0
3610,ortaklığında,0
3611,Uluslararası,0
3612,Çalışma,0
3613,Örgütü,0
3614,iş,0
3615,birliğiyle,0
3616,düzenlenecek,0
3617,olan,0
3618,Güvencesizlik,0
3619,Yeni,0
3620,Eşitsizlikler,0
3621,Çözüm,0
3622,Yolları,0
3623,Konferansı,0
3624,2,0
3625,4,0
3626,Haziran,0
3627,tarihlerinde,0
3628,gerçekleşecek,0
3629,Konferans,0
3630,güvencesiz,0
3631,çalışma,0
3632,koşullarına,0
3633,koşullardan,0
3634,etkilenen,0
3635,kesimlerin,0
3636,deneyimlerine,0
3637,ilişkin,0
3638,farkındalık,0
3639,yaratmayı,0
3640,yerel,0
3641,ulusal,0
3642,karar,0
3643,alıcıları,0
3644,ilgili,0
3645,paydaşları,0
3646,dünyada,0
3647,Türkiye,0
3648,deki,0
3649,güvencesiz,0
3650,çalışmanın,0
3651,sebep,0
3652,olduğu,0
3653,zorluklar,0
3654,hakkında,0
3655,bilgilendirmeyi,0
3656,COVID,0
3657,19,0
3658,salgınıyla,0
3659,birlikte,0
3660,farklı,0
3661,bir,0
3662,boyut,0
3663,kazanan,0
3664,güvencesizlik,0
3665,sorununu,0
3666,yeni,0
3667,eşitsizlik,0
3668,biçimlerini,0
3669,tartışarak,0
3670,güvencesiz,0
3671,çalışma,0
3672,yoksulluk,0
3673,arasındaki,0
3674,bağın,0
3675,altını,0
3676,çizmeyi,0
3677,amaçlıyor,0
3678,Konferans,0
3679,programını,0
3680,bağlantı,0
3681,üzerinden,0
3682,inceleyebilir,0
3683,kayıt,0
3684,oluşturabilirsiniz,0
3685,Denizli,0
3686,nin,0
3687,CHP,1
3688,İzmir,0
3689,Ankara,0
3690,Baroları,0
3691,sivil,0
3692,toplum,0
3693,kuruluşları,0
3694,28,0
3695,Mayıs,0
3696,günü,0
3697,Ayasofya,0
3698,Camii,0
3699,nde,0
3700,gerçekleşen,0
3701,etkinlikte,0
3702,Mustafa,0
3703,Kemal,0
3704,Atatürk,0
3705,e,0
3706,yönelik,0
3707,kullandığı,0
3708,zalim,0
3709,kâfir,0
3710,ifadeleri,0
3711,nedeniyle,0
3712,İmam,0
3713,Mustafa,0
3714,Demirkan,0
3715,hakkında,0
3716,suç,0
3717,duyurusunda,0
3718,bulundu,0
3719,Rusya,0
3720,Savunma,0
3721,Bakanlığı,0
3722,NATO,1
3723,tehdidinin,0
3724,arttığı,0
3725,gerekçesiyle,0
3726,ülkenin,0
3727,batısında,0
3728,yirmi,0
3729,yeni,0
3730,askerî,0
3731,birlik,0
3732,kurulacağını,0
3733,açıkladı,0
3734,Öte,0
3735,yandan,0
3736,Rusya,0
3737,sağlık,0
3738,otoriteleri,0
3739,Covid,0
3740,19,0
3741,önlemleri,0
3742,kapsamında,0
3743,Türkiye,0
3744,uçuşlarına,0
3745,yönelik,0
3746,kısıtlamaları,0
3747,21,0
3748,Haziran,0
3749,tarihine,0
3750,kadar,0
3751,uzatma,0
3752,kararı,0
3753,aldı,0
3754,Google,0
3755,Fotoğraflar,0
3756,ın,0
3757,ücretsiz,0
3758,sınırsız,0
3759,depolama,0
3760,alanı,0
3761,hizmetinin,0
3762,bugün,0
3763,sona,0
3764,ermesiyle,0
3765,artık,0
3766,15,0
3767,GB,0
3768,kullanımın,0
3769,üstüne,0
3770,çıkan,0
3771,kullanıcılardan,0
3772,ödeme,0
3773,alınacak,0
3774,Nestlé,0
3775,nin,0
3776,üst,0
3777,düzey,0
3778,yöneticilerine,0
3779,yönelik,0
3780,hazırlanan,0
3781,bir,0
3782,iç,0
3783,sunumda,0
3784,şirketin,0
3785,piyasadaki,0
3786,gıda,0
3787,içecek,0
3788,ürünlerinin,0
3789,60,0
3790,ından,0
3791,fazlasının,0
3792,sağlıklı,0
3793,tanımına,0
3794,uygun,0
3795,olmadığı,0
3796,belirtildi,0
3797,Ayrıntılar,0
3798,Financial,0
3799,Times,0
3800,tarafından,0
3801,görülen,0
3802,sunum,0
3803,uluslararası,0
3804,kuruluşlar,0
3805,tarafından,0
3806,araştırmalarda,0
3807,kullanılan,0
3808,ürünlerin,0
3809,5,0
3810,üzerinden,0
3811,puanlandığı,0
3812,Avustralya,0
3813,değerlendirme,0
3814,sistemine,0
3815,göre,0
3816,Nestlé,0
3817,nin,0
3818,evcil,0
3819,hayvan,0
3820,yemi,0
3821,özel,0
3822,medikal,0
3823,besin,0
3824,ürünleri,0
3825,dışındaki,0
3826,ürünlerinin,0
3827,sadece,0
3828,37,0
3829,sinin,0
3830,sağlıklı,0
3831,tanımının,0
3832,alt,0
3833,sınırı,0
3834,kabul,0
3835,edilen,0
3836,35,0
3837,puanın,0
3838,üzerine,0
3839,çıktığını,0
3840,ortaya,0
3841,koydu,0
3842,Günün,0
3843,öne,0
3844,çıkan,0
3845,karşılaşmaları,0
3846,Voleybol,0
3847,Kadınlar,0
3848,Milletler,0
3849,Ligi,0
3850,Türkiye,0
3851,Almanya,0
3852,11,0
3853,00,0
3854,TRT,0
3855,Spor,0
3856,2,0
3857,Brezilya,0
3858,Rusya,0
3859,22,0
3860,00,0
3861,TRT,0
3862,Spor,0
3863,2,0
3864,Türkiye,0
3865,Yunanistan,0
3866,turizmde,0
3867,iş,0
3868,birliği,0
3869,karşılıklı,0
3870,olarak,0
3871,aşı,0
3872,sertifikalarının,0
3873,tanınması,0
3874,konusunda,0
3875,anlaştı,0
3876,Bir,0
3877,adım,0
3878,geriden,0
3879,Dışişleri,0
3880,Bakanı,0
3881,Mevlüt,0
3882,Çavuşoğlu,0
3883,Türkiye,0
3884,nin,0
3885,önce,0
3886,konuda,0
3887,Macaristan,0
3888,Sırbistan,0
3889,Bulgaristan,0
3890,anlaşmaya,0
3891,vardığını,0
3892,belirtti,0
3893,Güney,0
3894,Amerika,0
3895,Futbol,0
3896,Konfederasyonu,0
3897,13,0
3898,Haziran,0
3899,10,0
3900,Temmuz,0
3901,tarihlerinde,0
3902,Kolombiya,0
3903,Arjantin,0
3904,gerçekleştirilmesi,0
3905,planlanan,0
3906,Copa,0
3907,America,0
3908,nın,0
3909,Kolombiya,0
3910,daki,0
3911,şiddetli,0
3912,protestolar,0
3913,pandeminin,0
3914,Arjantin,0
3915,deki,0
3916,seyri,0
3917,nedeniyle,0
3918,Brezilya,0
3919,gerçekleştirileceğini,0
3920,açıkladı,0
3921,Cumhuriyet,0
3922,gazetesinin,0
3923,Beyoğlu,0
3924,Kaymakamlığı,0
3925,Gezi,0
3926,Parkı,0
3927,protestolarının,0
3928,8,0
3929,inci,0
3930,yıl,0
3931,dönümünü,0
3932,anma,0
3933,etkinliklerini,0
3934,Covid,0
3935,19,0
3936,tedbirleri,0
3937,gerekçesiyle,0
3938,yasakladı,0
3939,Polis,0
3940,ekipleri,0
3941,Taksim,0
3942,Meydanı,0
3943,İstiklal,0
3944,Caddesi,0
3945,nin,0
3946,girişini,0
3947,bariyerlerle,0
3948,kapattı,0
3949,Yenikapı,0
3950,Hacıosman,0
3951,metro,0
3952,hattının,0
3953,Taksim,0
3954,durağı,0
3955,Taksim,0
3956,Kabataş,0
3957,füniküler,0
3958,hattı,0
3959,geçici,0
3960,olarak,0
3961,kapatıldı,0
3962,Avrupa,0
3963,Süper,0
3964,Ligi,0
3965,girişimi,0
3966,haklarının,0
3967,ihlal,0
3968,edildiği,0
3969,gerekçesiyle,0
3970,Avrupa,0
3971,Adalet,0
3972,Divanında,0
3973,UEFA,0
3974,FIFA,0
3975,karşı,0
3976,dava,0
3977,açtı,0
3978,Tüpraş,1
3979,bitüm,0
3980,ürünlere,0
3981,olan,0
3982,talebin,0
3983,azalması,0
3984,stokların,0
3985,yükselmesi,0
3986,nedeniyle,0
3987,haziran,0
3988,temmuz,0
3989,aylarında,0
3990,Batman,0
3991,rafinerisinde,0
3992,üretimi,0
3993,durduracak,0
3994,Tüpraş,1
3995,ın,0
3996,petrol,0
3997,işleme,0
3998,kapasitesinin,0
3999,5,0
4000,ini,0
4001,oluşturan,0
4002,rafineride,0
4003,üretimin,0
4004,durdurulmasının,0
4005,satışları,0
4006,olumsuz,0
4007,etkilemesi,0
4008,beklenmiyor,0
4009,Intel,0
4010,iki,0
4011,yeni,0
4012,işlemcisini,0
4013,dizüstü,0
4014,bilgisayarlar,0
4015,geliştirdiği,0
4016,5G,1
4017,M,0
4018,2,0
4019,modülünü,0
4020,duyurdu,0
4021,Ayrıntılar,0
4022,İnce,0
4023,hafif,0
4024,dizüstü,0
4025,bilgisayarlar,0
4026,geliştirilen,0
4027,Iris,0
4028,Xe,0
4029,grafiklerine,0
4030,sahip,0
4031,işlemcilerden,0
4032,yeni,0
4033,Core,0
4034,i7,0
4035,tek,0
4036,çekirdekte,0
4037,5,0
4038,gigahertze,0
4039,kadar,0
4040,çıkabiliyor,0
4041,Öte,0
4042,yandan,0
4043,Intel,0
4044,5G,1
4045,Solution,0
4046,5000,0
4047,isimli,0
4048,modem,0
4049,kartı,0
4050,Sub,0
4051,6,0
4052,GHz,0
4053,özelliğini,0
4054,destekliyor,0
4055,yıl,0
4056,içinde,0
4057,Acer,0
4058,ASUS,0
4059,HP,0
4060,diğer,0
4061,markaların,0
4062,dizüstü,0
4063,bilgisayarlarında,0
4064,yer,0
4065,alması,0
4066,planlanıyor,0
4067,Borsa,0
4068,İstanbul,0
4069,hafta,0
4070,OYAK,0
4071,Yatırım,0
4072,Başkentgaz,1
4073,halka,0
4074,arz,0
4075,edilecek,0
4076,OYAK,0
4077,Yatırım,0
4078,sermaye,0
4079,artırımı,0
4080,ortak,0
4081,satış,0
4082,yöntemleri,0
4083,kullanılarak,0
4084,gerçekleştirilecek,0
4085,halka,0
4086,arzı,0
4087,2,0
4088,4,0
4089,Haziran,0
4090,tarihleri,0
4091,arasında,0
4092,talep,0
4093,toplayacak,0
4094,Hisse,0
4095,başına,0
4096,fiyatı,0
4097,1865,0
4098,lira,0
4099,olarak,0
4100,belirlenen,0
4101,şirket,0
4102,halka,0
4103,arz,0
4104,büyüklüğünün,0
4105,ek,0
4106,satışlarla,0
4107,birlikte,0
4108,329,0
4109,milyon,0
4110,liraya,0
4111,ulaşmasını,0
4112,bekliyor,0
4113,Başkentgaz,1
4114,3,0
4115,4,0
4116,Haziran,0
4117,tarihlerinde,0
4118,hisse,0
4119,başına,0
4120,972,0
4121,liradan,0
4122,talep,0
4123,toplayacak,0
4124,Ortak,0
4125,satışı,0
4126,yöntemi,0
4127,gerçekleştirilecek,0
4128,halka,0
4129,arz,0
4130,sonrasında,0
4131,şirketin,0
4132,halka,0
4133,açıklık,0
4134,oranı,0
4135,25,0
4136,olacak,0
4137,Xiaomi,1
4138,yeni,0
4139,hızlı,0
4140,şarj,0
4141,teknolojisi,0
4142,Mi,0
4143,11,0
4144,Pro,0
4145,cihazları,0
4146,200,0
4147,vat,0
4148,kablolu,0
4149,sistemle,0
4150,8,0
4151,dakikada,0
4152,tam,0
4153,şarj,0
4154,ederken,0
4155,120,0
4156,vat,0
4157,kablosuz,0
4158,sistemle,0
4159,15,0
4160,dakikada,0
4161,tam,0
4162,şarj,0
4163,kapasitesine,0
4164,ulaştığını,0
4165,duyurdu,0
4166,DESTEKLİYORUZ,0
4167,158,0
4168,yıldır,0
4169,eğitimde,0
4170,fırsat,0
4171,eşitliği,0
4172,misyonuyla,0
4173,annesi,0
4174,babası,0
4175,hayatta,0
4176,olmayan,0
4177,maddi,0
4178,olanakları,0
4179,yetersiz,0
4180,yetenekli,0
4181,öğrencilere,0
4182,nitelikli,0
4183,eğitim,0
4184,olanağı,0
4185,sağlayan,0
4186,Darüşşafaka,0
4187,giriş,0
4188,sınavı,0
4189,20,0
4190,Haziran,0
4191,2021,0
4192,günü,0
4193,saat,0
4194,10,0
4195,00,0
4196,düzenlenecek,0
4197,Türkiye,0
4198,genelindeki,0
4199,28,0
4200,il,0
4201,merkezinde,0
4202,gerçekleştirilecek,0
4203,Darüşşafaka,0
4204,Giriş,0
4205,Sınavı,0
4206,na,0
4207,başvurular,0
4208,14,0
4209,Haziran,0
4210,tarihine,0
4211,kadar,0
4212,devam,0
4213,edecek,0
4214,Sınava,0
4215,Türkiye,0
4216,nin,0
4217,ilinden,0
4218,başvuru,0
4219,kabul,0
4220,edilecek,0
4221,söz,0
4222,konusu,0
4223,28,0
4224,il,0
4225,dışından,0
4226,sınava,0
4227,katılacak,0
4228,maddi,0
4229,durumu,0
4230,elverişsiz,0
4231,öğrenci,0
4232,velilerinin,0
4233,yakın,0
4234,sınav,0
4235,merkezine,0
4236,gelmek,0
4237,yapacakları,0
4238,ulaşım,0
4239,masrafına,0
4240,Darüşşafaka,0
4241,Cemiyeti,0
4242,tarafından,0
4243,destek,0
4244,verilecek,0
4245,İlkokul,0
4246,4,0
4247,sınıf,0
4248,öğrencilerinin,0
4249,katılabildiği,0
4250,sınavda,0
4251,başarılı,0
4252,olan,0
4253,mali,0
4254,durum,0
4255,araştırması,0
4256,sağlık,0
4257,kurulu,0
4258,kontrolünden,0
4259,geçen,0
4260,öğrenciler,0
4261,ortaokuldan,0
4262,üniversiteye,0
4263,tam,0
4264,burslu,0
4265,kolej,0
4266,eğitimi,0
4267,alma,0
4268,hakkı,0
4269,elde,0
4270,edecek,0
4271,Giriş,0
4272,sınavına,0
4273,başvurmak,0
4274,bağlantıyı,0
4275,kullanabilirsiniz,0
4276,Suç,0
4277,örgütü,0
4278,lideri,0
4279,olmak,0
4280,suçundan,0
4281,arandan,0
4282,Sedat,0
4283,Peker,0
4284,dün,0
4285,yayımladığı,0
4286,yeni,0
4287,videoda,0
4288,kendisinin,0
4289,Suriye,1
4290,deki,0
4291,Bayırbucak,0
4292,Türkmenlerine,0
4293,tırlarla,0
4294,silah,0
4295,gönderdiğini,0
4296,TSK,0
4297,dan,0
4298,ihraç,0
4299,edilen,0
4300,askerlerin,0
4301,kurduğu,0
4302,SADAT,1
4303,ın,0
4304,kendisi,0
4305,üzerinden,0
4306,El,0
4307,Kaide,0
4308,nin,0
4309,Suriye,1
4310,kolu,0
4311,El,0
4312,Nusra,0
4313,silah,0
4314,gönderdiğini,0
4315,iddia,0
4316,etti,0
4317,Peker,0
4318,bir,0
4319,sonraki,0
4320,videosunda,0
4321,Cumhurbaşkanı,0
4322,Erdoğan,0
4323,la,0
4324,helalleşeceğini,0
4325,söyledi,0
4326,Kaynak,0
4327,BirGün,0
4328,SADAT,1
4329,konusu,0
4330,SADAT,1
4331,tan,0
4332,yapılan,0
4333,açıklamada,0
4334,Peker,0
4335,in,0
4336,iddiaları,0
4337,yalanlandı,0
4338,Cumhuriyet,0
4339,gazetesi,0
4340,mart,0
4341,ayında,0
4342,SADAT,1
4343,a,0
4344,ilişkin,0
4345,yayımladıkları,0
4346,haberler,0
4347,gerekçesiyle,0
4348,soruşturma,0
4349,başlatıldığını,0
4350,açıkladı,0
4351,Apple,0
4352,podcast,0
4353,üreticilerinin,0
4354,para,0
4355,kazanmasını,0
4356,sağlamak,0
4357,ay,0
4358,içerisinde,0
4359,başlatacağı,0
4360,ücretli,0
4361,abonelik,0
4362,hizmetinin,0
4363,çıkış,0
4364,tarihini,0
4365,haziran,0
4366,ayına,0
4367,ertelediğini,0
4368,duyurdu,0
4369,Total,0
4370,in,0
4371,yıllık,0
4372,hissedarlar,0
4373,toplantısında,0
4374,şirket,0
4375,isminin,0
4376,TotalEnergies,1
4377,olarak,0
4378,değiştirilmesi,0
4379,2050,0
4380,yılına,0
4381,kadar,0
4382,karbon,0
4383,nötr,0
4384,hâle,0
4385,ulaşmaya,0
4386,yönelik,0
4387,iklim,0
4388,stratejisi,0
4389,oy,0
4390,birliğiyle,0
4391,kabul,0
4392,edildi,0
4393,Bir,0
4394,adım,0
4395,geriden,0
4396,Geçtiğimiz,0
4397,hafta,0
4398,Hollanda,0
4399,bir,0
4400,mahkeme,0
4401,Shell,0
4402,in,0
4403,karbon,0
4404,emisyonlarını,0
4405,2030,0
4406,yılına,0
4407,kadar,0
4408,45,0
4409,oranında,0
4410,azaltması,0
4411,gerektiğine,0
4412,hükmetmişti,0
4413,Aynı,0
4414,gün,0
4415,içinde,0
4416,ExxonMobil,0
4417,in,0
4418,hissedarlar,0
4419,toplantısında,0
4420,12,0
4421,yönetim,0
4422,kurulu,0
4423,üyesinden,0
4424,ikisinin,0
4425,iklim,0
4426,değişikliğiyle,0
4427,mücadeleye,0
4428,uygun,0
4429,görülen,0
4430,yöneticilerle,0
4431,değiştirilmesine,0
4432,karar,0
4433,verilmişti,0
4434,Cuma,0
4435,günü,0
4436,Londra,0
4437,başlayacak,0
4438,olan,0
4439,Yediler,0
4440,Grubu,0
4441,G7,0
4442,maliye,0
4443,bakanları,0
4444,toplantısının,0
4445,ana,0
4446,gündem,0
4447,maddesi,0
4448,küresel,0
4449,minimum,0
4450,kurumlar,0
4451,vergisi,0
4452,olacak,0
4453,Bir,0
4454,adım,0
4455,geriden,0
4456,İlk,0
4457,olarak,0
4458,21,0
4459,lik,0
4460,bir,0
4461,vergi,0
4462,oranı,0
4463,teklif,0
4464,eden,0
4465,ABD,0
4466,yönetimi,0
4467,geçtiğimiz,0
4468,haftalarda,0
4469,teklifini,0
4470,15,0
4471,e,0
4472,indirmiş,0
4473,müzakerelerde,0
4474,oranın,0
4475,üzerine,0
4476,çıkmak,0
4477,çabalanması,0
4478,gerektiğini,0
4479,ifade,0
4480,etmişti,0
4481,Toplantı,0
4482,öncesinde,0
4483,Birleşik,0
4484,Krallık,0
4485,Maliye,0
4486,Bakanı,0
4487,Rishi,0
4488,Sunak,0
4489,Mail,0
4490,on,0
4491,Sunday,0
4492,e,0
4493,yaptığı,0
4494,açıklamada,0
4495,ABD,0
4496,nin,0
4497,teklifine,0
4498,yakın,0
4499,olduklarını,0
4500,ancak,0
4501,büyük,0
4502,teknoloji,0
4503,şirketlerinin,0
4504,adil,0
4505,vergilendirilmesinin,0
4506,anlaşmanın,0
4507,bir,0
4508,ön,0
4509,koşulu,0
4510,olduğunu,0
4511,söyledi,0
4512,Tesla,1
4513,Model,0
4514,3,0
4515,Model,0
4516,Y,0
4517,araçlarına,0
4518,gelecek,0
4519,yeni,0
4520,yazılım,0
4521,güncellemesiyle,0
4522,dikiz,0
4523,aynasının,0
4524,üzerine,0
4525,yerleştirilen,0
4526,kamerayı,0
4527,aktifleştirecek,0
4528,Sistem,0
4529,otomatik,0
4530,pilot,0
4531,devredeyken,0
4532,sürücünün,0
4533,dikkatinin,0
4534,dağıldığında,0
4535,durumu,0
4536,algılayıp,0
4537,uyarı,0
4538,verecek,0
4539,Ünlü,0
4540,Co,0
4541,nun,0
4542,sermaye,0
4543,artırımı,0
4544,ortak,0
4545,satış,0
4546,yöntemleri,0
4547,kullanılarak,0
4548,gerçekleştirilecek,0
4549,halka,0
4550,arzı,0
4551,bugün,0
4552,yarın,0
4553,talep,0
4554,toplanacak,0
4555,Halka,0
4556,arz,0
4557,yaklaşık,0
4558,260,0
4559,milyon,0
4560,lira,0
4561,kaynak,0
4562,elde,0
4563,edilmesi,0
4564,planlanıyor,0
4565,Öte,0
4566,yandan,0
4567,SPK,0
4568,Hepsiburada,0
4569,nın,0
4570,yurt,0
4571,dışında,0
4572,olası,0
4573,halka,0
4574,arzına,0
4575,onay,0
4576,verdi,0
